
> preview
> node scripts/with-app-env.mjs vite preview


 ╭────────── [Build Info] ─────────────╮
 │                                     │
 │  - Build Directory: .vercel/output  │
 │  - Date: 9/12/2026, 3:08:36 AM      │
 │  - Nitro Version: 3.0.260610-beta   │
 │  - Nitro Preset: vercel             │
 │                                     │
 ╰─────────────────────────────────────╯

  ➜  Local:   http://127.0.0.1:8081/
[reliefweb] Error: HTTP 410
    at fetchText (file:///workspace/.vercel/output/functions/__server.func/_ssr/live-mvKktx9l.mjs:37:22)
    at process.processTicksAndRejections (node:internal/process/task_queues:103:5)
    at async pullReports (file:///workspace/.vercel/output/functions/__server.func/_ssr/live-mvKktx9l.mjs:277:16)
    at async Promise.all (index 2)
    at async file:///workspace/.vercel/output/functions/__server.func/_ssr/live-mvKktx9l.mjs:306:37
    at async server (file:///workspace/.vercel/output/functions/__server.func/_ssr/ssr.mjs:369:20)
    at async callNextMiddleware (file:///workspace/.vercel/output/functions/__server.func/_ssr/ssr.mjs:297:20)
    at async AsyncFunction.__executeServer (file:///workspace/.vercel/output/functions/__server.func/_ssr/ssr.mjs:241:13)
    at async file:///workspace/.vercel/output/functions/__server.func/_ssr/ssr.mjs:662:13
    at async file:///workspace/.vercel/output/functions/__server.func/_ssr/ssr.mjs:639:14
Error: aborted
    at abortIncoming (node:_http_server:838:17)
    ... 3 lines matching cause stack trace ...
    at TCP.callbackTrampoline (node:internal/async_hooks:130:17) {
  cause: Error: aborted
      at abortIncoming (node:_http_server:838:17)
      at socketOnClose (node:_http_server:832:3)
      at Socket.emit (node:events:531:35)
      at TCP.<anonymous> (node:net:347:12)
      at TCP.callbackTrampoline (node:internal/async_hooks:130:17) {
    code: 'ECONNRESET'
  },
  status: 500,
  statusText: undefined,
  headers: undefined,
  data: undefined,
  body: undefined,
  unhandled: true
}
[adsb] https://api.adsb.lol/v2/lat/19.5/lon/37.2/dist/220 Error: HTTP 420
    at fetchText (file:///workspace/.vercel/output/functions/__server.func/_ssr/live-mvKktx9l.mjs:37:22)
    at process.processTicksAndRejections (node:internal/process/task_queues:103:5)
    at async pullAdsbPoint (file:///workspace/.vercel/output/functions/__server.func/_ssr/live-mvKktx9l.mjs:189:16)
    at async Promise.all (index 2)
    at async pullFlights (file:///workspace/.vercel/output/functions/__server.func/_ssr/live-mvKktx9l.mjs:247:18)
    at async Promise.all (index 1)
    at async file:///workspace/.vercel/output/functions/__server.func/_ssr/live-mvKktx9l.mjs:306:37
    at async server (file:///workspace/.vercel/output/functions/__server.func/_ssr/ssr.mjs:369:20)
    at async callNextMiddleware (file:///workspace/.vercel/output/functions/__server.func/_ssr/ssr.mjs:297:20)
    at async AsyncFunction.__executeServer (file:///workspace/.vercel/output/functions/__server.func/_ssr/ssr.mjs:241:13)
[adsb] https://api.adsb.lol/v2/lat/15.6/lon/32.5/dist/280 Error: HTTP 429
    at fetchText (file:///workspace/.vercel/output/functions/__server.func/_ssr/live-mvKktx9l.mjs:37:22)
    at process.processTicksAndRejections (node:internal/process/task_queues:103:5)
    at async pullAdsbPoint (file:///workspace/.vercel/output/functions/__server.func/_ssr/live-mvKktx9l.mjs:189:16)
    at async Promise.all (index 0)
    at async pullFlights (file:///workspace/.vercel/output/functions/__server.func/_ssr/live-mvKktx9l.mjs:247:18)
    at async Promise.all (index 1)
    at async file:///workspace/.vercel/output/functions/__server.func/_ssr/live-mvKktx9l.mjs:306:37
    at async server (file:///workspace/.vercel/output/functions/__server.func/_ssr/ssr.mjs:369:20)
    at async callNextMiddleware (file:///workspace/.vercel/output/functions/__server.func/_ssr/ssr.mjs:297:20)
    at async AsyncFunction.__executeServer (file:///workspace/.vercel/output/functions/__server.func/_ssr/ssr.mjs:241:13)
[adsb] https://opendata.adsb.fi/api/v2/lat/15.6/lon/32.5/dist/280 Error: HTTP 400
    at fetchText (file:///workspace/.vercel/output/functions/__server.func/_ssr/live-mvKktx9l.mjs:37:22)
    at process.processTicksAndRejections (node:internal/process/task_queues:103:5)
    at async pullAdsbPoint (file:///workspace/.vercel/output/functions/__server.func/_ssr/live-mvKktx9l.mjs:189:16)
    at async Promise.all (index 0)
    at async pullFlights (file:///workspace/.vercel/output/functions/__server.func/_ssr/live-mvKktx9l.mjs:247:18)
    at async Promise.all (index 1)
    at async file:///workspace/.vercel/output/functions/__server.func/_ssr/live-mvKktx9l.mjs:306:37
    at async server (file:///workspace/.vercel/output/functions/__server.func/_ssr/ssr.mjs:369:20)
    at async callNextMiddleware (file:///workspace/.vercel/output/functions/__server.func/_ssr/ssr.mjs:297:20)
    at async AsyncFunction.__executeServer (file:///workspace/.vercel/output/functions/__server.func/_ssr/ssr.mjs:241:13)
[reliefweb] Error: HTTP 410
    at fetchText (file:///workspace/.vercel/output/functions/__server.func/_ssr/live-mvKktx9l.mjs:37:22)
    at process.processTicksAndRejections (node:internal/process/task_queues:103:5)
    at async pullReports (file:///workspace/.vercel/output/functions/__server.func/_ssr/live-mvKktx9l.mjs:277:16)
    at async Promise.all (index 2)
    at async file:///workspace/.vercel/output/functions/__server.func/_ssr/live-mvKktx9l.mjs:306:37
    at async server (file:///workspace/.vercel/output/functions/__server.func/_ssr/ssr.mjs:369:20)
    at async callNextMiddleware (file:///workspace/.vercel/output/functions/__server.func/_ssr/ssr.mjs:297:20)
    at async AsyncFunction.__executeServer (file:///workspace/.vercel/output/functions/__server.func/_ssr/ssr.mjs:241:13)
    at async file:///workspace/.vercel/output/functions/__server.func/_ssr/ssr.mjs:662:13
    at async file:///workspace/.vercel/output/functions/__server.func/_ssr/ssr.mjs:639:14
[adsb] https://api.adsb.lol/v2/lat/13.6/lon/25.3/dist/320 Error: HTTP 429
    at fetchText (file:///workspace/.vercel/output/functions/__server.func/_ssr/live-mvKktx9l.mjs:37:22)
    at process.processTicksAndRejections (node:internal/process/task_queues:103:5)
    at async pullAdsbPoint (file:///workspace/.vercel/output/functions/__server.func/_ssr/live-mvKktx9l.mjs:189:16)
    at async Promise.all (index 1)
    at async pullFlights (file:///workspace/.vercel/output/functions/__server.func/_ssr/live-mvKktx9l.mjs:247:18)
    at async Promise.all (index 1)
    at async file:///workspace/.vercel/output/functions/__server.func/_ssr/live-mvKktx9l.mjs:306:37
    at async server (file:///workspace/.vercel/output/functions/__server.func/_ssr/ssr.mjs:369:20)
    at async callNextMiddleware (file:///workspace/.vercel/output/functions/__server.func/_ssr/ssr.mjs:297:20)
    at async AsyncFunction.__executeServer (file:///workspace/.vercel/output/functions/__server.func/_ssr/ssr.mjs:241:13)
[adsb] https://api.adsb.lol/v2/lat/19.5/lon/37.2/dist/220 Error: HTTP 429
    at fetchText (file:///workspace/.vercel/output/functions/__server.func/_ssr/live-mvKktx9l.mjs:37:22)
    at process.processTicksAndRejections (node:internal/process/task_queues:103:5)
    at async pullAdsbPoint (file:///workspace/.vercel/output/functions/__server.func/_ssr/live-mvKktx9l.mjs:189:16)
    at async Promise.all (index 2)
    at async pullFlights (file:///workspace/.vercel/output/functions/__server.func/_ssr/live-mvKktx9l.mjs:247:18)
    at async Promise.all (index 1)
    at async file:///workspace/.vercel/output/functions/__server.func/_ssr/live-mvKktx9l.mjs:306:37
    at async server (file:///workspace/.vercel/output/functions/__server.func/_ssr/ssr.mjs:369:20)
    at async callNextMiddleware (file:///workspace/.vercel/output/functions/__server.func/_ssr/ssr.mjs:297:20)
    at async AsyncFunction.__executeServer (file:///workspace/.vercel/output/functions/__server.func/_ssr/ssr.mjs:241:13)
[adsb] https://api.adsb.lol/v2/lat/10.6/lon/34.3/dist/240 Error: HTTP 429
    at fetchText (file:///workspace/.vercel/output/functions/__server.func/_ssr/live-mvKktx9l.mjs:37:22)
    at process.processTicksAndRejections (node:internal/process/task_queues:103:5)
    at async pullAdsbPoint (file:///workspace/.vercel/output/functions/__server.func/_ssr/live-mvKktx9l.mjs:189:16)
    at async Promise.all (index 4)
    at async pullFlights (file:///workspace/.vercel/output/functions/__server.func/_ssr/live-mvKktx9l.mjs:247:18)
    at async Promise.all (index 1)
    at async file:///workspace/.vercel/output/functions/__server.func/_ssr/live-mvKktx9l.mjs:306:37
    at async server (file:///workspace/.vercel/output/functions/__server.func/_ssr/ssr.mjs:369:20)
    at async callNextMiddleware (file:///workspace/.vercel/output/functions/__server.func/_ssr/ssr.mjs:297:20)
    at async AsyncFunction.__executeServer (file:///workspace/.vercel/output/functions/__server.func/_ssr/ssr.mjs:241:13)
[adsb] https://api.adsb.lol/v2/lat/12.1/lon/24.9/dist/260 Error: HTTP 429
    at fetchText (file:///workspace/.vercel/output/functions/__server.func/_ssr/live-mvKktx9l.mjs:37:22)
    at process.processTicksAndRejections (node:internal/process/task_queues:103:5)
    at async pullAdsbPoint (file:///workspace/.vercel/output/functions/__server.func/_ssr/live-mvKktx9l.mjs:189:16)
    at async Promise.all (index 3)
    at async pullFlights (file:///workspace/.vercel/output/functions/__server.func/_ssr/live-mvKktx9l.mjs:247:18)
    at async Promise.all (index 1)
    at async file:///workspace/.vercel/output/functions/__server.func/_ssr/live-mvKktx9l.mjs:306:37
    at async server (file:///workspace/.vercel/output/functions/__server.func/_ssr/ssr.mjs:369:20)
    at async callNextMiddleware (file:///workspace/.vercel/output/functions/__server.func/_ssr/ssr.mjs:297:20)
    at async AsyncFunction.__executeServer (file:///workspace/.vercel/output/functions/__server.func/_ssr/ssr.mjs:241:13)
[adsb] https://api.adsb.lol/v2/lat/15.6/lon/32.5/dist/280 Error: HTTP 429
    at fetchText (file:///workspace/.vercel/output/functions/__server.func/_ssr/live-mvKktx9l.mjs:37:22)
    at process.processTicksAndRejections (node:internal/process/task_queues:103:5)
    at async pullAdsbPoint (file:///workspace/.vercel/output/functions/__server.func/_ssr/live-mvKktx9l.mjs:189:16)
    at async Promise.all (index 0)
    at async pullFlights (file:///workspace/.vercel/output/functions/__server.func/_ssr/live-mvKktx9l.mjs:247:18)
    at async Promise.all (index 1)
    at async file:///workspace/.vercel/output/functions/__server.func/_ssr/live-mvKktx9l.mjs:306:37
    at async server (file:///workspace/.vercel/output/functions/__server.func/_ssr/ssr.mjs:369:20)
    at async callNextMiddleware (file:///workspace/.vercel/output/functions/__server.func/_ssr/ssr.mjs:297:20)
    at async AsyncFunction.__executeServer (file:///workspace/.vercel/output/functions/__server.func/_ssr/ssr.mjs:241:13)
[adsb] https://opendata.adsb.fi/api/v2/lat/13.6/lon/25.3/dist/320 Error: HTTP 400
    at fetchText (file:///workspace/.vercel/output/functions/__server.func/_ssr/live-mvKktx9l.mjs:37:22)
    at process.processTicksAndRejections (node:internal/process/task_queues:103:5)
    at async pullAdsbPoint (file:///workspace/.vercel/output/functions/__server.func/_ssr/live-mvKktx9l.mjs:189:16)
    at async Promise.all (index 1)
    at async pullFlights (file:///workspace/.vercel/output/functions/__server.func/_ssr/live-mvKktx9l.mjs:247:18)
    at async Promise.all (index 1)
    at async file:///workspace/.vercel/output/functions/__server.func/_ssr/live-mvKktx9l.mjs:306:37
    at async server (file:///workspace/.vercel/output/functions/__server.func/_ssr/ssr.mjs:369:20)
    at async callNextMiddleware (file:///workspace/.vercel/output/functions/__server.func/_ssr/ssr.mjs:297:20)
    at async AsyncFunction.__executeServer (file:///workspace/.vercel/output/functions/__server.func/_ssr/ssr.mjs:241:13)
[adsb] https://opendata.adsb.fi/api/v2/lat/19.5/lon/37.2/dist/220 Error: HTTP 429
    at fetchText (file:///workspace/.vercel/output/functions/__server.func/_ssr/live-mvKktx9l.mjs:37:22)
    at process.processTicksAndRejections (node:internal/process/task_queues:103:5)
    at async pullAdsbPoint (file:///workspace/.vercel/output/functions/__server.func/_ssr/live-mvKktx9l.mjs:189:16)
    at async Promise.all (index 2)
    at async pullFlights (file:///workspace/.vercel/output/functions/__server.func/_ssr/live-mvKktx9l.mjs:247:18)
    at async Promise.all (index 1)
    at async file:///workspace/.vercel/output/functions/__server.func/_ssr/live-mvKktx9l.mjs:306:37
    at async server (file:///workspace/.vercel/output/functions/__server.func/_ssr/ssr.mjs:369:20)
    at async callNextMiddleware (file:///workspace/.vercel/output/functions/__server.func/_ssr/ssr.mjs:297:20)
    at async AsyncFunction.__executeServer (file:///workspace/.vercel/output/functions/__server.func/_ssr/ssr.mjs:241:13)
Error: aborted
    at abortIncoming (node:_http_server:838:17)
    ... 3 lines matching cause stack trace ...
    at TCP.callbackTrampoline (node:internal/async_hooks:130:17) {
  cause: Error: aborted
      at abortIncoming (node:_http_server:838:17)
      at socketOnClose (node:_http_server:832:3)
      at Socket.emit (node:events:531:35)
      at TCP.<anonymous> (node:net:347:12)
      at TCP.callbackTrampoline (node:internal/async_hooks:130:17) {
    code: 'ECONNRESET'
  },
  status: 500,
  statusText: undefined,
  headers: undefined,
  data: undefined,
  body: undefined,
  unhandled: true
}
[adsb] https://opendata.adsb.fi/api/v2/lat/12.1/lon/24.9/dist/260 Error: HTTP 429
    at fetchText (file:///workspace/.vercel/output/functions/__server.func/_ssr/live-mvKktx9l.mjs:37:22)
    at process.processTicksAndRejections (node:internal/process/task_queues:103:5)
    at async pullAdsbPoint (file:///workspace/.vercel/output/functions/__server.func/_ssr/live-mvKktx9l.mjs:189:16)
    at async Promise.all (index 3)
    at async pullFlights (file:///workspace/.vercel/output/functions/__server.func/_ssr/live-mvKktx9l.mjs:247:18)
    at async Promise.all (index 1)
    at async file:///workspace/.vercel/output/functions/__server.func/_ssr/live-mvKktx9l.mjs:306:37
    at async server (file:///workspace/.vercel/output/functions/__server.func/_ssr/ssr.mjs:369:20)
    at async callNextMiddleware (file:///workspace/.vercel/output/functions/__server.func/_ssr/ssr.mjs:297:20)
    at async AsyncFunction.__executeServer (file:///workspace/.vercel/output/functions/__server.func/_ssr/ssr.mjs:241:13)
[adsb] https://opendata.adsb.fi/api/v2/lat/15.6/lon/32.5/dist/280 Error: HTTP 429
    at fetchText (file:///workspace/.vercel/output/functions/__server.func/_ssr/live-mvKktx9l.mjs:37:22)
    at process.processTicksAndRejections (node:internal/process/task_queues:103:5)
    at async pullAdsbPoint (file:///workspace/.vercel/output/functions/__server.func/_ssr/live-mvKktx9l.mjs:189:16)
    at async Promise.all (index 0)
    at async pullFlights (file:///workspace/.vercel/output/functions/__server.func/_ssr/live-mvKktx9l.mjs:247:18)
    at async Promise.all (index 1)
    at async file:///workspace/.vercel/output/functions/__server.func/_ssr/live-mvKktx9l.mjs:306:37
    at async server (file:///workspace/.vercel/output/functions/__server.func/_ssr/ssr.mjs:369:20)
    at async callNextMiddleware (file:///workspace/.vercel/output/functions/__server.func/_ssr/ssr.mjs:297:20)
    at async AsyncFunction.__executeServer (file:///workspace/.vercel/output/functions/__server.func/_ssr/ssr.mjs:241:13)

> preview
> node scripts/with-app-env.mjs vite preview


 ╭────────── [Build Info] ─────────────╮
 │                                     │
 │  - Build Directory: .vercel/output  │
 │  - Date: 9/12/2026, 3:25:43 AM      │
 │  - Nitro Version: 3.0.260610-beta   │
 │  - Nitro Preset: vercel             │
 │                                     │
 ╰─────────────────────────────────────╯

  ➜  Local:   http://127.0.0.1:8081/
[reliefweb] Error: HTTP 410
    at fetchText (file:///workspace/.vercel/output/functions/__server.func/_ssr/live-mvKktx9l.mjs:37:22)
    at process.processTicksAndRejections (node:internal/process/task_queues:103:5)
    at async pullReports (file:///workspace/.vercel/output/functions/__server.func/_ssr/live-mvKktx9l.mjs:277:16)
    at async Promise.all (index 2)
    at async file:///workspace/.vercel/output/functions/__server.func/_ssr/live-mvKktx9l.mjs:306:37
    at async server (file:///workspace/.vercel/output/functions/__server.func/_ssr/ssr.mjs:369:20)
    at async callNextMiddleware (file:///workspace/.vercel/output/functions/__server.func/_ssr/ssr.mjs:297:20)
    at async AsyncFunction.__executeServer (file:///workspace/.vercel/output/functions/__server.func/_ssr/ssr.mjs:241:13)
    at async file:///workspace/.vercel/output/functions/__server.func/_ssr/ssr.mjs:662:13
    at async file:///workspace/.vercel/output/functions/__server.func/_ssr/ssr.mjs:639:14
[adsb] https://api.adsb.lol/v2/lat/12.1/lon/24.9/dist/260 Error: HTTP 420
    at fetchText (file:///workspace/.vercel/output/functions/__server.func/_ssr/live-mvKktx9l.mjs:37:22)
    at process.processTicksAndRejections (node:internal/process/task_queues:103:5)
    at async pullAdsbPoint (file:///workspace/.vercel/output/functions/__server.func/_ssr/live-mvKktx9l.mjs:189:16)
    at async Promise.all (index 3)
    at async pullFlights (file:///workspace/.vercel/output/functions/__server.func/_ssr/live-mvKktx9l.mjs:247:18)
    at async Promise.all (index 1)
    at async file:///workspace/.vercel/output/functions/__server.func/_ssr/live-mvKktx9l.mjs:306:37
    at async server (file:///workspace/.vercel/output/functions/__server.func/_ssr/ssr.mjs:369:20)
    at async callNextMiddleware (file:///workspace/.vercel/output/functions/__server.func/_ssr/ssr.mjs:297:20)
    at async AsyncFunction.__executeServer (file:///workspace/.vercel/output/functions/__server.func/_ssr/ssr.mjs:241:13)
Error: aborted
    at abortIncoming (node:_http_server:838:17)
    ... 3 lines matching cause stack trace ...
    at TCP.callbackTrampoline (node:internal/async_hooks:130:17) {
  cause: Error: aborted
      at abortIncoming (node:_http_server:838:17)
      at socketOnClose (node:_http_server:832:3)
      at Socket.emit (node:events:531:35)
      at TCP.<anonymous> (node:net:347:12)
      at TCP.callbackTrampoline (node:internal/async_hooks:130:17) {
    code: 'ECONNRESET'
  },
  status: 500,
  statusText: undefined,
  headers: undefined,
  data: undefined,
  body: undefined,
  unhandled: true
}
[adsb] https://opendata.adsb.fi/api/v2/lat/12.1/lon/24.9/dist/260 Error: HTTP 400
    at fetchText (file:///workspace/.vercel/output/functions/__server.func/_ssr/live-mvKktx9l.mjs:37:22)
    at process.processTicksAndRejections (node:internal/process/task_queues:103:5)
    at async pullAdsbPoint (file:///workspace/.vercel/output/functions/__server.func/_ssr/live-mvKktx9l.mjs:189:16)
    at async Promise.all (index 3)
    at async pullFlights (file:///workspace/.vercel/output/functions/__server.func/_ssr/live-mvKktx9l.mjs:247:18)
    at async Promise.all (index 1)
    at async file:///workspace/.vercel/output/functions/__server.func/_ssr/live-mvKktx9l.mjs:306:37
    at async server (file:///workspace/.vercel/output/functions/__server.func/_ssr/ssr.mjs:369:20)
    at async callNextMiddleware (file:///workspace/.vercel/output/functions/__server.func/_ssr/ssr.mjs:297:20)
    at async AsyncFunction.__executeServer (file:///workspace/.vercel/output/functions/__server.func/_ssr/ssr.mjs:241:13)
[reliefweb] Error: HTTP 410
    at fetchText (file:///workspace/.vercel/output/functions/__server.func/_ssr/live-mvKktx9l.mjs:37:22)
    at process.processTicksAndRejections (node:internal/process/task_queues:103:5)
    at async pullReports (file:///workspace/.vercel/output/functions/__server.func/_ssr/live-mvKktx9l.mjs:277:16)
    at async Promise.all (index 2)
    at async file:///workspace/.vercel/output/functions/__server.func/_ssr/live-mvKktx9l.mjs:306:37
    at async server (file:///workspace/.vercel/output/functions/__server.func/_ssr/ssr.mjs:369:20)
    at async callNextMiddleware (file:///workspace/.vercel/output/functions/__server.func/_ssr/ssr.mjs:297:20)
    at async AsyncFunction.__executeServer (file:///workspace/.vercel/output/functions/__server.func/_ssr/ssr.mjs:241:13)
    at async file:///workspace/.vercel/output/functions/__server.func/_ssr/ssr.mjs:662:13
    at async file:///workspace/.vercel/output/functions/__server.func/_ssr/ssr.mjs:639:14
[adsb] https://api.adsb.lol/v2/lat/19.5/lon/37.2/dist/220 Error: HTTP 429
    at fetchText (file:///workspace/.vercel/output/functions/__server.func/_ssr/live-mvKktx9l.mjs:37:22)
    at process.processTicksAndRejections (node:internal/process/task_queues:103:5)
    at async pullAdsbPoint (file:///workspace/.vercel/output/functions/__server.func/_ssr/live-mvKktx9l.mjs:189:16)
    at async Promise.all (index 2)
    at async pullFlights (file:///workspace/.vercel/output/functions/__server.func/_ssr/live-mvKktx9l.mjs:247:18)
    at async Promise.all (index 1)
    at async file:///workspace/.vercel/output/functions/__server.func/_ssr/live-mvKktx9l.mjs:306:37
    at async server (file:///workspace/.vercel/output/functions/__server.func/_ssr/ssr.mjs:369:20)
    at async callNextMiddleware (file:///workspace/.vercel/output/functions/__server.func/_ssr/ssr.mjs:297:20)
    at async AsyncFunction.__executeServer (file:///workspace/.vercel/output/functions/__server.func/_ssr/ssr.mjs:241:13)
Error: aborted
    at abortIncoming (node:_http_server:838:17)
    ... 3 lines matching cause stack trace ...
    at TCP.callbackTrampoline (node:internal/async_hooks:130:17) {
  cause: Error: aborted
      at abortIncoming (node:_http_server:838:17)
      at socketOnClose (node:_http_server:832:3)
      at Socket.emit (node:events:531:35)
      at TCP.<anonymous> (node:net:347:12)
      at TCP.callbackTrampoline (node:internal/async_hooks:130:17) {
    code: 'ECONNRESET'
  },
  status: 500,
  statusText: undefined,
  headers: undefined,
  data: undefined,
  body: undefined,
  unhandled: true
}

> preview
> node scripts/with-app-env.mjs vite preview


 ╭────────── [Build Info] ─────────────╮
 │                                     │
 │  - Build Directory: .vercel/output  │
 │  - Date: 9/12/2026, 5:31:06 AM      │
 │  - Nitro Version: 3.0.260610-beta   │
 │  - Nitro Preset: vercel             │
 │                                     │
 ╰─────────────────────────────────────╯

  ➜  Local:   http://127.0.0.1:8081/
[reliefweb] Error: HTTP 410
    at fetchText (file:///workspace/.vercel/output/functions/__server.func/_ssr/live-ro7IOKMi.mjs:37:22)
    at process.processTicksAndRejections (node:internal/process/task_queues:103:5)
    at async pullReports (file:///workspace/.vercel/output/functions/__server.func/_ssr/live-ro7IOKMi.mjs:277:16)
    at async Promise.all (index 2)
    at async file:///workspace/.vercel/output/functions/__server.func/_ssr/live-ro7IOKMi.mjs:306:37
    at async server (file:///workspace/.vercel/output/functions/__server.func/_ssr/ssr.mjs:369:20)
    at async callNextMiddleware (file:///workspace/.vercel/output/functions/__server.func/_ssr/ssr.mjs:297:20)
    at async AsyncFunction.__executeServer (file:///workspace/.vercel/output/functions/__server.func/_ssr/ssr.mjs:241:13)
    at async file:///workspace/.vercel/output/functions/__server.func/_ssr/ssr.mjs:662:13
    at async file:///workspace/.vercel/output/functions/__server.func/_ssr/ssr.mjs:639:14
Error: aborted
    at abortIncoming (node:_http_server:838:17)
    ... 3 lines matching cause stack trace ...
    at TCP.callbackTrampoline (node:internal/async_hooks:130:17) {
  cause: Error: aborted
      at abortIncoming (node:_http_server:838:17)
      at socketOnClose (node:_http_server:832:3)
      at Socket.emit (node:events:531:35)
      at TCP.<anonymous> (node:net:347:12)
      at TCP.callbackTrampoline (node:internal/async_hooks:130:17) {
    code: 'ECONNRESET'
  },
  status: 500,
  statusText: undefined,
  headers: undefined,
  data: undefined,
  body: undefined,
  unhandled: true
}
[adsb] https://api.adsb.lol/v2/lat/12.1/lon/24.9/dist/260 Error: HTTP 420
    at fetchText (file:///workspace/.vercel/output/functions/__server.func/_ssr/live-ro7IOKMi.mjs:37:22)
    at process.processTicksAndRejections (node:internal/process/task_queues:103:5)
    at async pullAdsbPoint (file:///workspace/.vercel/output/functions/__server.func/_ssr/live-ro7IOKMi.mjs:189:16)
    at async Promise.all (index 3)
    at async pullFlights (file:///workspace/.vercel/output/functions/__server.func/_ssr/live-ro7IOKMi.mjs:247:18)
    at async Promise.all (index 1)
    at async file:///workspace/.vercel/output/functions/__server.func/_ssr/live-ro7IOKMi.mjs:306:37
    at async server (file:///workspace/.vercel/output/functions/__server.func/_ssr/ssr.mjs:369:20)
    at async callNextMiddleware (file:///workspace/.vercel/output/functions/__server.func/_ssr/ssr.mjs:297:20)
    at async AsyncFunction.__executeServer (file:///workspace/.vercel/output/functions/__server.func/_ssr/ssr.mjs:241:13)
[adsb] https://api.adsb.lol/v2/lat/10.6/lon/34.3/dist/240 Error: HTTP 420
    at fetchText (file:///workspace/.vercel/output/functions/__server.func/_ssr/live-ro7IOKMi.mjs:37:22)
    at process.processTicksAndRejections (node:internal/process/task_queues:103:5)
    at async pullAdsbPoint (file:///workspace/.vercel/output/functions/__server.func/_ssr/live-ro7IOKMi.mjs:189:16)
    at async Promise.all (index 4)
    at async pullFlights (file:///workspace/.vercel/output/functions/__server.func/_ssr/live-ro7IOKMi.mjs:247:18)
    at async Promise.all (index 1)
    at async file:///workspace/.vercel/output/functions/__server.func/_ssr/live-ro7IOKMi.mjs:306:37
    at async server (file:///workspace/.vercel/output/functions/__server.func/_ssr/ssr.mjs:369:20)
    at async callNextMiddleware (file:///workspace/.vercel/output/functions/__server.func/_ssr/ssr.mjs:297:20)
    at async AsyncFunction.__executeServer (file:///workspace/.vercel/output/functions/__server.func/_ssr/ssr.mjs:241:13)
[adsb] https://opendata.adsb.fi/api/v2/lat/12.1/lon/24.9/dist/260 Error: HTTP 400
    at fetchText (file:///workspace/.vercel/output/functions/__server.func/_ssr/live-ro7IOKMi.mjs:37:22)
    at process.processTicksAndRejections (node:internal/process/task_queues:103:5)
    at async pullAdsbPoint (file:///workspace/.vercel/output/functions/__server.func/_ssr/live-ro7IOKMi.mjs:189:16)
    at async Promise.all (index 3)
    at async pullFlights (file:///workspace/.vercel/output/functions/__server.func/_ssr/live-ro7IOKMi.mjs:247:18)
    at async Promise.all (index 1)
    at async file:///workspace/.vercel/output/functions/__server.func/_ssr/live-ro7IOKMi.mjs:306:37
    at async server (file:///workspace/.vercel/output/functions/__server.func/_ssr/ssr.mjs:369:20)
    at async callNextMiddleware (file:///workspace/.vercel/output/functions/__server.func/_ssr/ssr.mjs:297:20)
    at async AsyncFunction.__executeServer (file:///workspace/.vercel/output/functions/__server.func/_ssr/ssr.mjs:241:13)
[reliefweb] Error: HTTP 410
    at fetchText (file:///workspace/.vercel/output/functions/__server.func/_ssr/live-ro7IOKMi.mjs:37:22)
    at process.processTicksAndRejections (node:internal/process/task_queues:103:5)
    at async pullReports (file:///workspace/.vercel/output/functions/__server.func/_ssr/live-ro7IOKMi.mjs:277:16)
    at async Promise.all (index 2)
    at async file:///workspace/.vercel/output/functions/__server.func/_ssr/live-ro7IOKMi.mjs:306:37
    at async server (file:///workspace/.vercel/output/functions/__server.func/_ssr/ssr.mjs:369:20)
    at async callNextMiddleware (file:///workspace/.vercel/output/functions/__server.func/_ssr/ssr.mjs:297:20)
    at async AsyncFunction.__executeServer (file:///workspace/.vercel/output/functions/__server.func/_ssr/ssr.mjs:241:13)
    at async file:///workspace/.vercel/output/functions/__server.func/_ssr/ssr.mjs:662:13
    at async file:///workspace/.vercel/output/functions/__server.func/_ssr/ssr.mjs:639:14
[adsb] https://api.adsb.lol/v2/lat/19.5/lon/37.2/dist/220 Error: HTTP 429
    at fetchText (file:///workspace/.vercel/output/functions/__server.func/_ssr/live-ro7IOKMi.mjs:37:22)
    at process.processTicksAndRejections (node:internal/process/task_queues:103:5)
    at async pullAdsbPoint (file:///workspace/.vercel/output/functions/__server.func/_ssr/live-ro7IOKMi.mjs:189:16)
    at async Promise.all (index 2)
    at async pullFlights (file:///workspace/.vercel/output/functions/__server.func/_ssr/live-ro7IOKMi.mjs:247:18)
    at async Promise.all (index 1)
    at async file:///workspace/.vercel/output/functions/__server.func/_ssr/live-ro7IOKMi.mjs:306:37
    at async server (file:///workspace/.vercel/output/functions/__server.func/_ssr/ssr.mjs:369:20)
    at async callNextMiddleware (file:///workspace/.vercel/output/functions/__server.func/_ssr/ssr.mjs:297:20)
    at async AsyncFunction.__executeServer (file:///workspace/.vercel/output/functions/__server.func/_ssr/ssr.mjs:241:13)
[adsb] https://api.adsb.lol/v2/lat/13.6/lon/25.3/dist/320 Error: HTTP 429
    at fetchText (file:///workspace/.vercel/output/functions/__server.func/_ssr/live-ro7IOKMi.mjs:37:22)
    at process.processTicksAndRejections (node:internal/process/task_queues:103:5)
    at async pullAdsbPoint (file:///workspace/.vercel/output/functions/__server.func/_ssr/live-ro7IOKMi.mjs:189:16)
    at async Promise.all (index 1)
    at async pullFlights (file:///workspace/.vercel/output/functions/__server.func/_ssr/live-ro7IOKMi.mjs:247:18)
    at async Promise.all (index 1)
    at async file:///workspace/.vercel/output/functions/__server.func/_ssr/live-ro7IOKMi.mjs:306:37
    at async server (file:///workspace/.vercel/output/functions/__server.func/_ssr/ssr.mjs:369:20)
    at async callNextMiddleware (file:///workspace/.vercel/output/functions/__server.func/_ssr/ssr.mjs:297:20)
    at async AsyncFunction.__executeServer (file:///workspace/.vercel/output/functions/__server.func/_ssr/ssr.mjs:241:13)
[adsb] https://api.adsb.lol/v2/lat/12.1/lon/24.9/dist/260 Error: HTTP 429
    at fetchText (file:///workspace/.vercel/output/functions/__server.func/_ssr/live-ro7IOKMi.mjs:37:22)
    at process.processTicksAndRejections (node:internal/process/task_queues:103:5)
    at async pullAdsbPoint (file:///workspace/.vercel/output/functions/__server.func/_ssr/live-ro7IOKMi.mjs:189:16)
    at async Promise.all (index 3)
    at async pullFlights (file:///workspace/.vercel/output/functions/__server.func/_ssr/live-ro7IOKMi.mjs:247:18)
    at async Promise.all (index 1)
    at async file:///workspace/.vercel/output/functions/__server.func/_ssr/live-ro7IOKMi.mjs:306:37
    at async server (file:///workspace/.vercel/output/functions/__server.func/_ssr/ssr.mjs:369:20)
    at async callNextMiddleware (file:///workspace/.vercel/output/functions/__server.func/_ssr/ssr.mjs:297:20)
    at async AsyncFunction.__executeServer (file:///workspace/.vercel/output/functions/__server.func/_ssr/ssr.mjs:241:13)
[adsb] https://api.adsb.lol/v2/lat/10.6/lon/34.3/dist/240 Error: HTTP 429
    at fetchText (file:///workspace/.vercel/output/functions/__server.func/_ssr/live-ro7IOKMi.mjs:37:22)
    at process.processTicksAndRejections (node:internal/process/task_queues:103:5)
    at async pullAdsbPoint (file:///workspace/.vercel/output/functions/__server.func/_ssr/live-ro7IOKMi.mjs:189:16)
    at async Promise.all (index 4)
    at async pullFlights (file:///workspace/.vercel/output/functions/__server.func/_ssr/live-ro7IOKMi.mjs:247:18)
    at async Promise.all (index 1)
    at async file:///workspace/.vercel/output/functions/__server.func/_ssr/live-ro7IOKMi.mjs:306:37
    at async server (file:///workspace/.vercel/output/functions/__server.func/_ssr/ssr.mjs:369:20)
    at async callNextMiddleware (file:///workspace/.vercel/output/functions/__server.func/_ssr/ssr.mjs:297:20)
    at async AsyncFunction.__executeServer (file:///workspace/.vercel/output/functions/__server.func/_ssr/ssr.mjs:241:13)
[adsb] https://opendata.adsb.fi/api/v2/lat/13.6/lon/25.3/dist/320 Error: HTTP 400
    at fetchText (file:///workspace/.vercel/output/functions/__server.func/_ssr/live-ro7IOKMi.mjs:37:22)
    at process.processTicksAndRejections (node:internal/process/task_queues:103:5)
    at async pullAdsbPoint (file:///workspace/.vercel/output/functions/__server.func/_ssr/live-ro7IOKMi.mjs:189:16)
    at async Promise.all (index 1)
    at async pullFlights (file:///workspace/.vercel/output/functions/__server.func/_ssr/live-ro7IOKMi.mjs:247:18)
    at async Promise.all (index 1)
    at async file:///workspace/.vercel/output/functions/__server.func/_ssr/live-ro7IOKMi.mjs:306:37
    at async server (file:///workspace/.vercel/output/functions/__server.func/_ssr/ssr.mjs:369:20)
    at async callNextMiddleware (file:///workspace/.vercel/output/functions/__server.func/_ssr/ssr.mjs:297:20)
    at async AsyncFunction.__executeServer (file:///workspace/.vercel/output/functions/__server.func/_ssr/ssr.mjs:241:13)
[adsb] https://opendata.adsb.fi/api/v2/lat/19.5/lon/37.2/dist/220 Error: HTTP 429
    at fetchText (file:///workspace/.vercel/output/functions/__server.func/_ssr/live-ro7IOKMi.mjs:37:22)
    at process.processTicksAndRejections (node:internal/process/task_queues:103:5)
    at async pullAdsbPoint (file:///workspace/.vercel/output/functions/__server.func/_ssr/live-ro7IOKMi.mjs:189:16)
    at async Promise.all (index 2)
    at async pullFlights (file:///workspace/.vercel/output/functions/__server.func/_ssr/live-ro7IOKMi.mjs:247:18)
    at async Promise.all (index 1)
    at async file:///workspace/.vercel/output/functions/__server.func/_ssr/live-ro7IOKMi.mjs:306:37
    at async server (file:///workspace/.vercel/output/functions/__server.func/_ssr/ssr.mjs:369:20)
    at async callNextMiddleware (file:///workspace/.vercel/output/functions/__server.func/_ssr/ssr.mjs:297:20)
    at async AsyncFunction.__executeServer (file:///workspace/.vercel/output/functions/__server.func/_ssr/ssr.mjs:241:13)
Error: aborted
    at abortIncoming (node:_http_server:838:17)
    ... 3 lines matching cause stack trace ...
    at TCP.callbackTrampoline (node:internal/async_hooks:130:17) {
  cause: Error: aborted
      at abortIncoming (node:_http_server:838:17)
      at socketOnClose (node:_http_server:832:3)
      at Socket.emit (node:events:531:35)
      at TCP.<anonymous> (node:net:347:12)
      at TCP.callbackTrampoline (node:internal/async_hooks:130:17) {
    code: 'ECONNRESET'
  },
  status: 500,
  statusText: undefined,
  headers: undefined,
  data: undefined,
  body: undefined,
  unhandled: true
}
[adsb] https://opendata.adsb.fi/api/v2/lat/12.1/lon/24.9/dist/260 Error: HTTP 429
    at fetchText (file:///workspace/.vercel/output/functions/__server.func/_ssr/live-ro7IOKMi.mjs:37:22)
    at process.processTicksAndRejections (node:internal/process/task_queues:103:5)
    at async pullAdsbPoint (file:///workspace/.vercel/output/functions/__server.func/_ssr/live-ro7IOKMi.mjs:189:16)
    at async Promise.all (index 3)
    at async pullFlights (file:///workspace/.vercel/output/functions/__server.func/_ssr/live-ro7IOKMi.mjs:247:18)
    at async Promise.all (index 1)
    at async file:///workspace/.vercel/output/functions/__server.func/_ssr/live-ro7IOKMi.mjs:306:37
    at async server (file:///workspace/.vercel/output/functions/__server.func/_ssr/ssr.mjs:369:20)
    at async callNextMiddleware (file:///workspace/.vercel/output/functions/__server.func/_ssr/ssr.mjs:297:20)
    at async AsyncFunction.__executeServer (file:///workspace/.vercel/output/functions/__server.func/_ssr/ssr.mjs:241:13)
[opensky] DOMException [AbortError]: This operation was aborted
    at node:internal/deps/undici/undici:15157:13
    at async fetchText (file:///workspace/.vercel/output/functions/__server.func/_ssr/live-ro7IOKMi.mjs:30:15)
    at async pullOpenSky (file:///workspace/.vercel/output/functions/__server.func/_ssr/live-ro7IOKMi.mjs:200:16)
    at async pullFlights (file:///workspace/.vercel/output/functions/__server.func/_ssr/live-ro7IOKMi.mjs:250:15)
    at async Promise.all (index 1)
    at async file:///workspace/.vercel/output/functions/__server.func/_ssr/live-ro7IOKMi.mjs:306:37
    at async server (file:///workspace/.vercel/output/functions/__server.func/_ssr/ssr.mjs:369:20)
    at async callNextMiddleware (file:///workspace/.vercel/output/functions/__server.func/_ssr/ssr.mjs:297:20)
    at async AsyncFunction.__executeServer (file:///workspace/.vercel/output/functions/__server.func/_ssr/ssr.mjs:241:13)
    at async file:///workspace/.vercel/output/functions/__server.func/_ssr/ssr.mjs:662:13
[opensky] DOMException [AbortError]: This operation was aborted
    at node:internal/deps/undici/undici:15157:13
    at async fetchText (file:///workspace/.vercel/output/functions/__server.func/_ssr/live-ro7IOKMi.mjs:30:15)
    at async pullOpenSky (file:///workspace/.vercel/output/functions/__server.func/_ssr/live-ro7IOKMi.mjs:200:16)
    at async pullFlights (file:///workspace/.vercel/output/functions/__server.func/_ssr/live-ro7IOKMi.mjs:250:15)
    at async Promise.all (index 1)
    at async file:///workspace/.vercel/output/functions/__server.func/_ssr/live-ro7IOKMi.mjs:306:37
    at async server (file:///workspace/.vercel/output/functions/__server.func/_ssr/ssr.mjs:369:20)
    at async callNextMiddleware (file:///workspace/.vercel/output/functions/__server.func/_ssr/ssr.mjs:297:20)
    at async AsyncFunction.__executeServer (file:///workspace/.vercel/output/functions/__server.func/_ssr/ssr.mjs:241:13)
    at async file:///workspace/.vercel/output/functions/__server.func/_ssr/ssr.mjs:662:13

> preview
> node scripts/with-app-env.mjs vite preview


 ╭────────── [Build Info] ─────────────╮
 │                                     │
 │  - Build Directory: .vercel/output  │
 │  - Date: 9/12/2026, 12:42:20 PM     │
 │  - Nitro Version: 3.0.260610-beta   │
 │  - Nitro Preset: vercel             │
 │                                     │
 ╰─────────────────────────────────────╯

  ➜  Local:   http://127.0.0.1:8081/
[reliefweb] Error: HTTP 410
    at fetchText (file:///workspace/.vercel/output/functions/__server.func/_ssr/live-ro7IOKMi.mjs:37:22)
    at process.processTicksAndRejections (node:internal/process/task_queues:103:5)
    at async pullReports (file:///workspace/.vercel/output/functions/__server.func/_ssr/live-ro7IOKMi.mjs:277:16)
    at async Promise.all (index 2)
    at async file:///workspace/.vercel/output/functions/__server.func/_ssr/live-ro7IOKMi.mjs:306:37
    at async server (file:///workspace/.vercel/output/functions/__server.func/_ssr/ssr.mjs:369:20)
    at async callNextMiddleware (file:///workspace/.vercel/output/functions/__server.func/_ssr/ssr.mjs:297:20)
    at async AsyncFunction.__executeServer (file:///workspace/.vercel/output/functions/__server.func/_ssr/ssr.mjs:241:13)
    at async file:///workspace/.vercel/output/functions/__server.func/_ssr/ssr.mjs:662:13
    at async file:///workspace/.vercel/output/functions/__server.func/_ssr/ssr.mjs:639:14
[adsb] https://api.adsb.lol/v2/lat/19.5/lon/37.2/dist/220 Error: HTTP 429
    at fetchText (file:///workspace/.vercel/output/functions/__server.func/_ssr/live-ro7IOKMi.mjs:37:22)
    at process.processTicksAndRejections (node:internal/process/task_queues:103:5)
    at async pullAdsbPoint (file:///workspace/.vercel/output/functions/__server.func/_ssr/live-ro7IOKMi.mjs:189:16)
    at async Promise.all (index 2)
    at async pullFlights (file:///workspace/.vercel/output/functions/__server.func/_ssr/live-ro7IOKMi.mjs:247:18)
    at async Promise.all (index 1)
    at async file:///workspace/.vercel/output/functions/__server.func/_ssr/live-ro7IOKMi.mjs:306:37
    at async server (file:///workspace/.vercel/output/functions/__server.func/_ssr/ssr.mjs:369:20)
    at async callNextMiddleware (file:///workspace/.vercel/output/functions/__server.func/_ssr/ssr.mjs:297:20)
    at async AsyncFunction.__executeServer (file:///workspace/.vercel/output/functions/__server.func/_ssr/ssr.mjs:241:13)
[adsb] https://api.adsb.lol/v2/lat/13.6/lon/25.3/dist/320 Error: HTTP 429
    at fetchText (file:///workspace/.vercel/output/functions/__server.func/_ssr/live-ro7IOKMi.mjs:37:22)
    at process.processTicksAndRejections (node:internal/process/task_queues:103:5)
    at async pullAdsbPoint (file:///workspace/.vercel/output/functions/__server.func/_ssr/live-ro7IOKMi.mjs:189:16)
    at async Promise.all (index 1)
    at async pullFlights (file:///workspace/.vercel/output/functions/__server.func/_ssr/live-ro7IOKMi.mjs:247:18)
    at async Promise.all (index 1)
    at async file:///workspace/.vercel/output/functions/__server.func/_ssr/live-ro7IOKMi.mjs:306:37
    at async server (file:///workspace/.vercel/output/functions/__server.func/_ssr/ssr.mjs:369:20)
    at async callNextMiddleware (file:///workspace/.vercel/output/functions/__server.func/_ssr/ssr.mjs:297:20)
    at async AsyncFunction.__executeServer (file:///workspace/.vercel/output/functions/__server.func/_ssr/ssr.mjs:241:13)
[adsb] https://api.adsb.lol/v2/lat/15.6/lon/32.5/dist/280 Error: HTTP 429
    at fetchText (file:///workspace/.vercel/output/functions/__server.func/_ssr/live-ro7IOKMi.mjs:37:22)
    at process.processTicksAndRejections (node:internal/process/task_queues:103:5)
    at async pullAdsbPoint (file:///workspace/.vercel/output/functions/__server.func/_ssr/live-ro7IOKMi.mjs:189:16)
    at async Promise.all (index 0)
    at async pullFlights (file:///workspace/.vercel/output/functions/__server.func/_ssr/live-ro7IOKMi.mjs:247:18)
    at async Promise.all (index 1)
    at async file:///workspace/.vercel/output/functions/__server.func/_ssr/live-ro7IOKMi.mjs:306:37
    at async server (file:///workspace/.vercel/output/functions/__server.func/_ssr/ssr.mjs:369:20)
    at async callNextMiddleware (file:///workspace/.vercel/output/functions/__server.func/_ssr/ssr.mjs:297:20)
    at async AsyncFunction.__executeServer (file:///workspace/.vercel/output/functions/__server.func/_ssr/ssr.mjs:241:13)
[adsb] https://api.adsb.lol/v2/lat/12.1/lon/24.9/dist/260 Error: HTTP 429
    at fetchText (file:///workspace/.vercel/output/functions/__server.func/_ssr/live-ro7IOKMi.mjs:37:22)
    at process.processTicksAndRejections (node:internal/process/task_queues:103:5)
    at async pullAdsbPoint (file:///workspace/.vercel/output/functions/__server.func/_ssr/live-ro7IOKMi.mjs:189:16)
    at async Promise.all (index 3)
    at async pullFlights (file:///workspace/.vercel/output/functions/__server.func/_ssr/live-ro7IOKMi.mjs:247:18)
    at async Promise.all (index 1)
    at async file:///workspace/.vercel/output/functions/__server.func/_ssr/live-ro7IOKMi.mjs:306:37
    at async server (file:///workspace/.vercel/output/functions/__server.func/_ssr/ssr.mjs:369:20)
    at async callNextMiddleware (file:///workspace/.vercel/output/functions/__server.func/_ssr/ssr.mjs:297:20)
    at async AsyncFunction.__executeServer (file:///workspace/.vercel/output/functions/__server.func/_ssr/ssr.mjs:241:13)
[adsb] https://api.adsb.lol/v2/lat/10.6/lon/34.3/dist/240 Error: HTTP 429
    at fetchText (file:///workspace/.vercel/output/functions/__server.func/_ssr/live-ro7IOKMi.mjs:37:22)
    at process.processTicksAndRejections (node:internal/process/task_queues:103:5)
    at async pullAdsbPoint (file:///workspace/.vercel/output/functions/__server.func/_ssr/live-ro7IOKMi.mjs:189:16)
    at async Promise.all (index 4)
    at async pullFlights (file:///workspace/.vercel/output/functions/__server.func/_ssr/live-ro7IOKMi.mjs:247:18)
    at async Promise.all (index 1)
    at async file:///workspace/.vercel/output/functions/__server.func/_ssr/live-ro7IOKMi.mjs:306:37
    at async server (file:///workspace/.vercel/output/functions/__server.func/_ssr/ssr.mjs:369:20)
    at async callNextMiddleware (file:///workspace/.vercel/output/functions/__server.func/_ssr/ssr.mjs:297:20)
    at async AsyncFunction.__executeServer (file:///workspace/.vercel/output/functions/__server.func/_ssr/ssr.mjs:241:13)
Error: aborted
    at abortIncoming (node:_http_server:838:17)
    ... 3 lines matching cause stack trace ...
    at TCP.callbackTrampoline (node:internal/async_hooks:130:17) {
  cause: Error: aborted
      at abortIncoming (node:_http_server:838:17)
      at socketOnClose (node:_http_server:832:3)
      at Socket.emit (node:events:531:35)
      at TCP.<anonymous> (node:net:347:12)
      at TCP.callbackTrampoline (node:internal/async_hooks:130:17) {
    code: 'ECONNRESET'
  },
  status: 500,
  statusText: undefined,
  headers: undefined,
  data: undefined,
  body: undefined,
  unhandled: true
}
[adsb] https://opendata.adsb.fi/api/v2/lat/13.6/lon/25.3/dist/320 Error: HTTP 400
    at fetchText (file:///workspace/.vercel/output/functions/__server.func/_ssr/live-ro7IOKMi.mjs:37:22)
    at process.processTicksAndRejections (node:internal/process/task_queues:103:5)
    at async pullAdsbPoint (file:///workspace/.vercel/output/functions/__server.func/_ssr/live-ro7IOKMi.mjs:189:16)
    at async Promise.all (index 1)
    at async pullFlights (file:///workspace/.vercel/output/functions/__server.func/_ssr/live-ro7IOKMi.mjs:247:18)
    at async Promise.all (index 1)
    at async file:///workspace/.vercel/output/functions/__server.func/_ssr/live-ro7IOKMi.mjs:306:37
    at async server (file:///workspace/.vercel/output/functions/__server.func/_ssr/ssr.mjs:369:20)
    at async callNextMiddleware (file:///workspace/.vercel/output/functions/__server.func/_ssr/ssr.mjs:297:20)
    at async AsyncFunction.__executeServer (file:///workspace/.vercel/output/functions/__server.func/_ssr/ssr.mjs:241:13)
[adsb] https://opendata.adsb.fi/api/v2/lat/19.5/lon/37.2/dist/220 Error: HTTP 429
    at fetchText (file:///workspace/.vercel/output/functions/__server.func/_ssr/live-ro7IOKMi.mjs:37:22)
    at process.processTicksAndRejections (node:internal/process/task_queues:103:5)
    at async pullAdsbPoint (file:///workspace/.vercel/output/functions/__server.func/_ssr/live-ro7IOKMi.mjs:189:16)
    at async Promise.all (index 2)
    at async pullFlights (file:///workspace/.vercel/output/functions/__server.func/_ssr/live-ro7IOKMi.mjs:247:18)
    at async Promise.all (index 1)
    at async file:///workspace/.vercel/output/functions/__server.func/_ssr/live-ro7IOKMi.mjs:306:37
    at async server (file:///workspace/.vercel/output/functions/__server.func/_ssr/ssr.mjs:369:20)
    at async callNextMiddleware (file:///workspace/.vercel/output/functions/__server.func/_ssr/ssr.mjs:297:20)
    at async AsyncFunction.__executeServer (file:///workspace/.vercel/output/functions/__server.func/_ssr/ssr.mjs:241:13)
[adsb] https://opendata.adsb.fi/api/v2/lat/15.6/lon/32.5/dist/280 Error: HTTP 429
    at fetchText (file:///workspace/.vercel/output/functions/__server.func/_ssr/live-ro7IOKMi.mjs:37:22)
    at process.processTicksAndRejections (node:internal/process/task_queues:103:5)
    at async pullAdsbPoint (file:///workspace/.vercel/output/functions/__server.func/_ssr/live-ro7IOKMi.mjs:189:16)
    at async Promise.all (index 0)
    at async pullFlights (file:///workspace/.vercel/output/functions/__server.func/_ssr/live-ro7IOKMi.mjs:247:18)
    at async Promise.all (index 1)
    at async file:///workspace/.vercel/output/functions/__server.func/_ssr/live-ro7IOKMi.mjs:306:37
    at async server (file:///workspace/.vercel/output/functions/__server.func/_ssr/ssr.mjs:369:20)
    at async callNextMiddleware (file:///workspace/.vercel/output/functions/__server.func/_ssr/ssr.mjs:297:20)
    at async AsyncFunction.__executeServer (file:///workspace/.vercel/output/functions/__server.func/_ssr/ssr.mjs:241:13)
[adsb] https://opendata.adsb.fi/api/v2/lat/12.1/lon/24.9/dist/260 Error: HTTP 429
    at fetchText (file:///workspace/.vercel/output/functions/__server.func/_ssr/live-ro7IOKMi.mjs:37:22)
    at process.processTicksAndRejections (node:internal/process/task_queues:103:5)
    at async pullAdsbPoint (file:///workspace/.vercel/output/functions/__server.func/_ssr/live-ro7IOKMi.mjs:189:16)
    at async Promise.all (index 3)
    at async pullFlights (file:///workspace/.vercel/output/functions/__server.func/_ssr/live-ro7IOKMi.mjs:247:18)
    at async Promise.all (index 1)
    at async file:///workspace/.vercel/output/functions/__server.func/_ssr/live-ro7IOKMi.mjs:306:37
    at async server (file:///workspace/.vercel/output/functions/__server.func/_ssr/ssr.mjs:369:20)
    at async callNextMiddleware (file:///workspace/.vercel/output/functions/__server.func/_ssr/ssr.mjs:297:20)
    at async AsyncFunction.__executeServer (file:///workspace/.vercel/output/functions/__server.func/_ssr/ssr.mjs:241:13)
[adsb] https://opendata.adsb.fi/api/v2/lat/10.6/lon/34.3/dist/240 Error: HTTP 429
    at fetchText (file:///workspace/.vercel/output/functions/__server.func/_ssr/live-ro7IOKMi.mjs:37:22)
    at process.processTicksAndRejections (node:internal/process/task_queues:103:5)
    at async pullAdsbPoint (file:///workspace/.vercel/output/functions/__server.func/_ssr/live-ro7IOKMi.mjs:189:16)
    at async Promise.all (index 4)
    at async pullFlights (file:///workspace/.vercel/output/functions/__server.func/_ssr/live-ro7IOKMi.mjs:247:18)
    at async Promise.all (index 1)
    at async file:///workspace/.vercel/output/functions/__server.func/_ssr/live-ro7IOKMi.mjs:306:37
    at async server (file:///workspace/.vercel/output/functions/__server.func/_ssr/ssr.mjs:369:20)
    at async callNextMiddleware (file:///workspace/.vercel/output/functions/__server.func/_ssr/ssr.mjs:297:20)
    at async AsyncFunction.__executeServer (file:///workspace/.vercel/output/functions/__server.func/_ssr/ssr.mjs:241:13)
[reliefweb] Error: HTTP 410
    at fetchText (file:///workspace/.vercel/output/functions/__server.func/_ssr/live-ro7IOKMi.mjs:37:22)
    at process.processTicksAndRejections (node:internal/process/task_queues:103:5)
    at async pullReports (file:///workspace/.vercel/output/functions/__server.func/_ssr/live-ro7IOKMi.mjs:277:16)
    at async Promise.all (index 2)
    at async file:///workspace/.vercel/output/functions/__server.func/_ssr/live-ro7IOKMi.mjs:306:37
    at async server (file:///workspace/.vercel/output/functions/__server.func/_ssr/ssr.mjs:369:20)
    at async callNextMiddleware (file:///workspace/.vercel/output/functions/__server.func/_ssr/ssr.mjs:297:20)
    at async AsyncFunction.__executeServer (file:///workspace/.vercel/output/functions/__server.func/_ssr/ssr.mjs:241:13)
    at async file:///workspace/.vercel/output/functions/__server.func/_ssr/ssr.mjs:662:13
    at async file:///workspace/.vercel/output/functions/__server.func/_ssr/ssr.mjs:639:14
[adsb] https://api.adsb.lol/v2/lat/13.6/lon/25.3/dist/320 Error: HTTP 429
    at fetchText (file:///workspace/.vercel/output/functions/__server.func/_ssr/live-ro7IOKMi.mjs:37:22)
    at process.processTicksAndRejections (node:internal/process/task_queues:103:5)
    at async pullAdsbPoint (file:///workspace/.vercel/output/functions/__server.func/_ssr/live-ro7IOKMi.mjs:189:16)
    at async Promise.all (index 1)
    at async pullFlights (file:///workspace/.vercel/output/functions/__server.func/_ssr/live-ro7IOKMi.mjs:247:18)
    at async Promise.all (index 1)
    at async file:///workspace/.vercel/output/functions/__server.func/_ssr/live-ro7IOKMi.mjs:306:37
    at async server (file:///workspace/.vercel/output/functions/__server.func/_ssr/ssr.mjs:369:20)
    at async callNextMiddleware (file:///workspace/.vercel/output/functions/__server.func/_ssr/ssr.mjs:297:20)
    at async AsyncFunction.__executeServer (file:///workspace/.vercel/output/functions/__server.func/_ssr/ssr.mjs:241:13)
[adsb] https://api.adsb.lol/v2/lat/19.5/lon/37.2/dist/220 Error: HTTP 429
    at fetchText (file:///workspace/.vercel/output/functions/__server.func/_ssr/live-ro7IOKMi.mjs:37:22)
    at process.processTicksAndRejections (node:internal/process/task_queues:103:5)
    at async pullAdsbPoint (file:///workspace/.vercel/output/functions/__server.func/_ssr/live-ro7IOKMi.mjs:189:16)
    at async Promise.all (index 2)
    at async pullFlights (file:///workspace/.vercel/output/functions/__server.func/_ssr/live-ro7IOKMi.mjs:247:18)
    at async Promise.all (index 1)
    at async file:///workspace/.vercel/output/functions/__server.func/_ssr/live-ro7IOKMi.mjs:306:37
    at async server (file:///workspace/.vercel/output/functions/__server.func/_ssr/ssr.mjs:369:20)
    at async callNextMiddleware (file:///workspace/.vercel/output/functions/__server.func/_ssr/ssr.mjs:297:20)
    at async AsyncFunction.__executeServer (file:///workspace/.vercel/output/functions/__server.func/_ssr/ssr.mjs:241:13)
[adsb] https://api.adsb.lol/v2/lat/15.6/lon/32.5/dist/280 Error: HTTP 429
    at fetchText (file:///workspace/.vercel/output/functions/__server.func/_ssr/live-ro7IOKMi.mjs:37:22)
    at process.processTicksAndRejections (node:internal/process/task_queues:103:5)
    at async pullAdsbPoint (file:///workspace/.vercel/output/functions/__server.func/_ssr/live-ro7IOKMi.mjs:189:16)
    at async Promise.all (index 0)
    at async pullFlights (file:///workspace/.vercel/output/functions/__server.func/_ssr/live-ro7IOKMi.mjs:247:18)
    at async Promise.all (index 1)
    at async file:///workspace/.vercel/output/functions/__server.func/_ssr/live-ro7IOKMi.mjs:306:37
    at async server (file:///workspace/.vercel/output/functions/__server.func/_ssr/ssr.mjs:369:20)
    at async callNextMiddleware (file:///workspace/.vercel/output/functions/__server.func/_ssr/ssr.mjs:297:20)
    at async AsyncFunction.__executeServer (file:///workspace/.vercel/output/functions/__server.func/_ssr/ssr.mjs:241:13)
[adsb] https://api.adsb.lol/v2/lat/10.6/lon/34.3/dist/240 Error: HTTP 429
    at fetchText (file:///workspace/.vercel/output/functions/__server.func/_ssr/live-ro7IOKMi.mjs:37:22)
    at process.processTicksAndRejections (node:internal/process/task_queues:103:5)
    at async pullAdsbPoint (file:///workspace/.vercel/output/functions/__server.func/_ssr/live-ro7IOKMi.mjs:189:16)
    at async Promise.all (index 4)
    at async pullFlights (file:///workspace/.vercel/output/functions/__server.func/_ssr/live-ro7IOKMi.mjs:247:18)
    at async Promise.all (index 1)
    at async file:///workspace/.vercel/output/functions/__server.func/_ssr/live-ro7IOKMi.mjs:306:37
    at async server (file:///workspace/.vercel/output/functions/__server.func/_ssr/ssr.mjs:369:20)
    at async callNextMiddleware (file:///workspace/.vercel/output/functions/__server.func/_ssr/ssr.mjs:297:20)
    at async AsyncFunction.__executeServer (file:///workspace/.vercel/output/functions/__server.func/_ssr/ssr.mjs:241:13)
[adsb] https://api.adsb.lol/v2/lat/12.1/lon/24.9/dist/260 Error: HTTP 429
    at fetchText (file:///workspace/.vercel/output/functions/__server.func/_ssr/live-ro7IOKMi.mjs:37:22)
    at process.processTicksAndRejections (node:internal/process/task_queues:103:5)
    at async pullAdsbPoint (file:///workspace/.vercel/output/functions/__server.func/_ssr/live-ro7IOKMi.mjs:189:16)
    at async Promise.all (index 3)
    at async pullFlights (file:///workspace/.vercel/output/functions/__server.func/_ssr/live-ro7IOKMi.mjs:247:18)
    at async Promise.all (index 1)
    at async file:///workspace/.vercel/output/functions/__server.func/_ssr/live-ro7IOKMi.mjs:306:37
    at async server (file:///workspace/.vercel/output/functions/__server.func/_ssr/ssr.mjs:369:20)
    at async callNextMiddleware (file:///workspace/.vercel/output/functions/__server.func/_ssr/ssr.mjs:297:20)
    at async AsyncFunction.__executeServer (file:///workspace/.vercel/output/functions/__server.func/_ssr/ssr.mjs:241:13)
[adsb] https://opendata.adsb.fi/api/v2/lat/13.6/lon/25.3/dist/320 Error: HTTP 400
    at fetchText (file:///workspace/.vercel/output/functions/__server.func/_ssr/live-ro7IOKMi.mjs:37:22)
    at process.processTicksAndRejections (node:internal/process/task_queues:103:5)
    at async pullAdsbPoint (file:///workspace/.vercel/output/functions/__server.func/_ssr/live-ro7IOKMi.mjs:189:16)
    at async Promise.all (index 1)
    at async pullFlights (file:///workspace/.vercel/output/functions/__server.func/_ssr/live-ro7IOKMi.mjs:247:18)
    at async Promise.all (index 1)
    at async file:///workspace/.vercel/output/functions/__server.func/_ssr/live-ro7IOKMi.mjs:306:37
    at async server (file:///workspace/.vercel/output/functions/__server.func/_ssr/ssr.mjs:369:20)
    at async callNextMiddleware (file:///workspace/.vercel/output/functions/__server.func/_ssr/ssr.mjs:297:20)
    at async AsyncFunction.__executeServer (file:///workspace/.vercel/output/functions/__server.func/_ssr/ssr.mjs:241:13)
[adsb] https://opendata.adsb.fi/api/v2/lat/19.5/lon/37.2/dist/220 Error: HTTP 429
    at fetchText (file:///workspace/.vercel/output/functions/__server.func/_ssr/live-ro7IOKMi.mjs:37:22)
    at process.processTicksAndRejections (node:internal/process/task_queues:103:5)
    at async pullAdsbPoint (file:///workspace/.vercel/output/functions/__server.func/_ssr/live-ro7IOKMi.mjs:189:16)
    at async Promise.all (index 2)
    at async pullFlights (file:///workspace/.vercel/output/functions/__server.func/_ssr/live-ro7IOKMi.mjs:247:18)
    at async Promise.all (index 1)
    at async file:///workspace/.vercel/output/functions/__server.func/_ssr/live-ro7IOKMi.mjs:306:37
    at async server (file:///workspace/.vercel/output/functions/__server.func/_ssr/ssr.mjs:369:20)
    at async callNextMiddleware (file:///workspace/.vercel/output/functions/__server.func/_ssr/ssr.mjs:297:20)
    at async AsyncFunction.__executeServer (file:///workspace/.vercel/output/functions/__server.func/_ssr/ssr.mjs:241:13)
[adsb] https://opendata.adsb.fi/api/v2/lat/10.6/lon/34.3/dist/240 Error: HTTP 429
    at fetchText (file:///workspace/.vercel/output/functions/__server.func/_ssr/live-ro7IOKMi.mjs:37:22)
    at process.processTicksAndRejections (node:internal/process/task_queues:103:5)
    at async pullAdsbPoint (file:///workspace/.vercel/output/functions/__server.func/_ssr/live-ro7IOKMi.mjs:189:16)
    at async Promise.all (index 4)
    at async pullFlights (file:///workspace/.vercel/output/functions/__server.func/_ssr/live-ro7IOKMi.mjs:247:18)
    at async Promise.all (index 1)
    at async file:///workspace/.vercel/output/functions/__server.func/_ssr/live-ro7IOKMi.mjs:306:37
    at async server (file:///workspace/.vercel/output/functions/__server.func/_ssr/ssr.mjs:369:20)
    at async callNextMiddleware (file:///workspace/.vercel/output/functions/__server.func/_ssr/ssr.mjs:297:20)
    at async AsyncFunction.__executeServer (file:///workspace/.vercel/output/functions/__server.func/_ssr/ssr.mjs:241:13)
[adsb] https://opendata.adsb.fi/api/v2/lat/15.6/lon/32.5/dist/280 Error: HTTP 429
    at fetchText (file:///workspace/.vercel/output/functions/__server.func/_ssr/live-ro7IOKMi.mjs:37:22)
    at process.processTicksAndRejections (node:internal/process/task_queues:103:5)
    at async pullAdsbPoint (file:///workspace/.vercel/output/functions/__server.func/_ssr/live-ro7IOKMi.mjs:189:16)
    at async Promise.all (index 0)
    at async pullFlights (file:///workspace/.vercel/output/functions/__server.func/_ssr/live-ro7IOKMi.mjs:247:18)
    at async Promise.all (index 1)
    at async file:///workspace/.vercel/output/functions/__server.func/_ssr/live-ro7IOKMi.mjs:306:37
    at async server (file:///workspace/.vercel/output/functions/__server.func/_ssr/ssr.mjs:369:20)
    at async callNextMiddleware (file:///workspace/.vercel/output/functions/__server.func/_ssr/ssr.mjs:297:20)
    at async AsyncFunction.__executeServer (file:///workspace/.vercel/output/functions/__server.func/_ssr/ssr.mjs:241:13)
[adsb] https://opendata.adsb.fi/api/v2/lat/12.1/lon/24.9/dist/260 Error: HTTP 429
    at fetchText (file:///workspace/.vercel/output/functions/__server.func/_ssr/live-ro7IOKMi.mjs:37:22)
    at process.processTicksAndRejections (node:internal/process/task_queues:103:5)
    at async pullAdsbPoint (file:///workspace/.vercel/output/functions/__server.func/_ssr/live-ro7IOKMi.mjs:189:16)
    at async Promise.all (index 3)
    at async pullFlights (file:///workspace/.vercel/output/functions/__server.func/_ssr/live-ro7IOKMi.mjs:247:18)
    at async Promise.all (index 1)
    at async file:///workspace/.vercel/output/functions/__server.func/_ssr/live-ro7IOKMi.mjs:306:37
    at async server (file:///workspace/.vercel/output/functions/__server.func/_ssr/ssr.mjs:369:20)
    at async callNextMiddleware (file:///workspace/.vercel/output/functions/__server.func/_ssr/ssr.mjs:297:20)
    at async AsyncFunction.__executeServer (file:///workspace/.vercel/output/functions/__server.func/_ssr/ssr.mjs:241:13)
Error: aborted
    at abortIncoming (node:_http_server:838:17)
    ... 3 lines matching cause stack trace ...
    at TCP.callbackTrampoline (node:internal/async_hooks:130:17) {
  cause: Error: aborted
      at abortIncoming (node:_http_server:838:17)
      at socketOnClose (node:_http_server:832:3)
      at Socket.emit (node:events:531:35)
      at TCP.<anonymous> (node:net:347:12)
      at TCP.callbackTrampoline (node:internal/async_hooks:130:17) {
    code: 'ECONNRESET'
  },
  status: 500,
  statusText: undefined,
  headers: undefined,
  data: undefined,
  body: undefined,
  unhandled: true
}

> preview
> node scripts/with-app-env.mjs vite preview


 ╭────────── [Build Info] ─────────────╮
 │                                     │
 │  - Build Directory: .vercel/output  │
 │  - Date: 9/13/2026, 7:01:31 AM      │
 │  - Nitro Version: 3.0.260610-beta   │
 │  - Nitro Preset: vercel             │
 │                                     │
 ╰─────────────────────────────────────╯

  ➜  Local:   http://127.0.0.1:8081/
[reliefweb] Error: HTTP 410
    at fetchText (file:///workspace/.vercel/output/functions/__server.func/_ssr/live-BlIoRsjj.mjs:30:22)
    at process.processTicksAndRejections (node:internal/process/task_queues:103:5)
    at async pullReports (file:///workspace/.vercel/output/functions/__server.func/_ssr/live-BlIoRsjj.mjs:270:16)
    at async Promise.all (index 2)
    at async file:///workspace/.vercel/output/functions/__server.func/_ssr/live-BlIoRsjj.mjs:299:43
    at async server (file:///workspace/.vercel/output/functions/__server.func/_ssr/ssr.mjs:379:20)
    at async callNextMiddleware (file:///workspace/.vercel/output/functions/__server.func/_ssr/ssr.mjs:307:20)
    at async AsyncFunction.__executeServer (file:///workspace/.vercel/output/functions/__server.func/_ssr/ssr.mjs:251:13)
    at async file:///workspace/.vercel/output/functions/__server.func/_ssr/ssr.mjs:672:13
    at async file:///workspace/.vercel/output/functions/__server.func/_ssr/ssr.mjs:649:14
[adsb] https://api.adsb.lol/v2/lat/19.5/lon/37.2/dist/220 Error: HTTP 429
    at fetchText (file:///workspace/.vercel/output/functions/__server.func/_ssr/live-BlIoRsjj.mjs:30:22)
    at process.processTicksAndRejections (node:internal/process/task_queues:103:5)
    at async pullAdsbPoint (file:///workspace/.vercel/output/functions/__server.func/_ssr/live-BlIoRsjj.mjs:182:16)
    at async Promise.all (index 2)
    at async pullFlights (file:///workspace/.vercel/output/functions/__server.func/_ssr/live-BlIoRsjj.mjs:240:18)
    at async Promise.all (index 1)
    at async file:///workspace/.vercel/output/functions/__server.func/_ssr/live-BlIoRsjj.mjs:299:43
    at async server (file:///workspace/.vercel/output/functions/__server.func/_ssr/ssr.mjs:379:20)
    at async callNextMiddleware (file:///workspace/.vercel/output/functions/__server.func/_ssr/ssr.mjs:307:20)
    at async AsyncFunction.__executeServer (file:///workspace/.vercel/output/functions/__server.func/_ssr/ssr.mjs:251:13)
[adsb] https://api.adsb.lol/v2/lat/15.6/lon/32.5/dist/280 Error: HTTP 429
    at fetchText (file:///workspace/.vercel/output/functions/__server.func/_ssr/live-BlIoRsjj.mjs:30:22)
    at process.processTicksAndRejections (node:internal/process/task_queues:103:5)
    at async pullAdsbPoint (file:///workspace/.vercel/output/functions/__server.func/_ssr/live-BlIoRsjj.mjs:182:16)
    at async Promise.all (index 0)
    at async pullFlights (file:///workspace/.vercel/output/functions/__server.func/_ssr/live-BlIoRsjj.mjs:240:18)
    at async Promise.all (index 1)
    at async file:///workspace/.vercel/output/functions/__server.func/_ssr/live-BlIoRsjj.mjs:299:43
    at async server (file:///workspace/.vercel/output/functions/__server.func/_ssr/ssr.mjs:379:20)
    at async callNextMiddleware (file:///workspace/.vercel/output/functions/__server.func/_ssr/ssr.mjs:307:20)
    at async AsyncFunction.__executeServer (file:///workspace/.vercel/output/functions/__server.func/_ssr/ssr.mjs:251:13)
[adsb] https://api.adsb.lol/v2/lat/10.6/lon/34.3/dist/240 Error: HTTP 429
    at fetchText (file:///workspace/.vercel/output/functions/__server.func/_ssr/live-BlIoRsjj.mjs:30:22)
    at process.processTicksAndRejections (node:internal/process/task_queues:103:5)
    at async pullAdsbPoint (file:///workspace/.vercel/output/functions/__server.func/_ssr/live-BlIoRsjj.mjs:182:16)
    at async Promise.all (index 4)
    at async pullFlights (file:///workspace/.vercel/output/functions/__server.func/_ssr/live-BlIoRsjj.mjs:240:18)
    at async Promise.all (index 1)
    at async file:///workspace/.vercel/output/functions/__server.func/_ssr/live-BlIoRsjj.mjs:299:43
    at async server (file:///workspace/.vercel/output/functions/__server.func/_ssr/ssr.mjs:379:20)
    at async callNextMiddleware (file:///workspace/.vercel/output/functions/__server.func/_ssr/ssr.mjs:307:20)
    at async AsyncFunction.__executeServer (file:///workspace/.vercel/output/functions/__server.func/_ssr/ssr.mjs:251:13)
[adsb] https://api.adsb.lol/v2/lat/12.1/lon/24.9/dist/260 Error: HTTP 429
    at fetchText (file:///workspace/.vercel/output/functions/__server.func/_ssr/live-BlIoRsjj.mjs:30:22)
    at process.processTicksAndRejections (node:internal/process/task_queues:103:5)
    at async pullAdsbPoint (file:///workspace/.vercel/output/functions/__server.func/_ssr/live-BlIoRsjj.mjs:182:16)
    at async Promise.all (index 3)
    at async pullFlights (file:///workspace/.vercel/output/functions/__server.func/_ssr/live-BlIoRsjj.mjs:240:18)
    at async Promise.all (index 1)
    at async file:///workspace/.vercel/output/functions/__server.func/_ssr/live-BlIoRsjj.mjs:299:43
    at async server (file:///workspace/.vercel/output/functions/__server.func/_ssr/ssr.mjs:379:20)
    at async callNextMiddleware (file:///workspace/.vercel/output/functions/__server.func/_ssr/ssr.mjs:307:20)
    at async AsyncFunction.__executeServer (file:///workspace/.vercel/output/functions/__server.func/_ssr/ssr.mjs:251:13)
[adsb] https://opendata.adsb.fi/api/v2/lat/15.6/lon/32.5/dist/280 Error: HTTP 400
    at fetchText (file:///workspace/.vercel/output/functions/__server.func/_ssr/live-BlIoRsjj.mjs:30:22)
    at process.processTicksAndRejections (node:internal/process/task_queues:103:5)
    at async pullAdsbPoint (file:///workspace/.vercel/output/functions/__server.func/_ssr/live-BlIoRsjj.mjs:182:16)
    at async Promise.all (index 0)
    at async pullFlights (file:///workspace/.vercel/output/functions/__server.func/_ssr/live-BlIoRsjj.mjs:240:18)
    at async Promise.all (index 1)
    at async file:///workspace/.vercel/output/functions/__server.func/_ssr/live-BlIoRsjj.mjs:299:43
    at async server (file:///workspace/.vercel/output/functions/__server.func/_ssr/ssr.mjs:379:20)
    at async callNextMiddleware (file:///workspace/.vercel/output/functions/__server.func/_ssr/ssr.mjs:307:20)
    at async AsyncFunction.__executeServer (file:///workspace/.vercel/output/functions/__server.func/_ssr/ssr.mjs:251:13)
[adsb] https://opendata.adsb.fi/api/v2/lat/10.6/lon/34.3/dist/240 Error: HTTP 429
    at fetchText (file:///workspace/.vercel/output/functions/__server.func/_ssr/live-BlIoRsjj.mjs:30:22)
    at process.processTicksAndRejections (node:internal/process/task_queues:103:5)
    at async pullAdsbPoint (file:///workspace/.vercel/output/functions/__server.func/_ssr/live-BlIoRsjj.mjs:182:16)
    at async Promise.all (index 4)
    at async pullFlights (file:///workspace/.vercel/output/functions/__server.func/_ssr/live-BlIoRsjj.mjs:240:18)
    at async Promise.all (index 1)
    at async file:///workspace/.vercel/output/functions/__server.func/_ssr/live-BlIoRsjj.mjs:299:43
    at async server (file:///workspace/.vercel/output/functions/__server.func/_ssr/ssr.mjs:379:20)
    at async callNextMiddleware (file:///workspace/.vercel/output/functions/__server.func/_ssr/ssr.mjs:307:20)
    at async AsyncFunction.__executeServer (file:///workspace/.vercel/output/functions/__server.func/_ssr/ssr.mjs:251:13)
Error: aborted
    at abortIncoming (node:_http_server:838:17)
    ... 3 lines matching cause stack trace ...
    at TCP.callbackTrampoline (node:internal/async_hooks:130:17) {
  cause: Error: aborted
      at abortIncoming (node:_http_server:838:17)
      at socketOnClose (node:_http_server:832:3)
      at Socket.emit (node:events:531:35)
      at TCP.<anonymous> (node:net:347:12)
      at TCP.callbackTrampoline (node:internal/async_hooks:130:17) {
    code: 'ECONNRESET'
  },
  status: 500,
  statusText: undefined,
  headers: undefined,
  data: undefined,
  body: undefined,
  unhandled: true
}
[adsb] https://opendata.adsb.fi/api/v2/lat/12.1/lon/24.9/dist/260 Error: HTTP 429
    at fetchText (file:///workspace/.vercel/output/functions/__server.func/_ssr/live-BlIoRsjj.mjs:30:22)
    at process.processTicksAndRejections (node:internal/process/task_queues:103:5)
    at async pullAdsbPoint (file:///workspace/.vercel/output/functions/__server.func/_ssr/live-BlIoRsjj.mjs:182:16)
    at async Promise.all (index 3)
    at async pullFlights (file:///workspace/.vercel/output/functions/__server.func/_ssr/live-BlIoRsjj.mjs:240:18)
    at async Promise.all (index 1)
    at async file:///workspace/.vercel/output/functions/__server.func/_ssr/live-BlIoRsjj.mjs:299:43
    at async server (file:///workspace/.vercel/output/functions/__server.func/_ssr/ssr.mjs:379:20)
    at async callNextMiddleware (file:///workspace/.vercel/output/functions/__server.func/_ssr/ssr.mjs:307:20)
    at async AsyncFunction.__executeServer (file:///workspace/.vercel/output/functions/__server.func/_ssr/ssr.mjs:251:13)
[reliefweb] Error: HTTP 410
    at fetchText (file:///workspace/.vercel/output/functions/__server.func/_ssr/live-BlIoRsjj.mjs:30:22)
    at process.processTicksAndRejections (node:internal/process/task_queues:103:5)
    at async pullReports (file:///workspace/.vercel/output/functions/__server.func/_ssr/live-BlIoRsjj.mjs:270:16)
    at async Promise.all (index 2)
    at async file:///workspace/.vercel/output/functions/__server.func/_ssr/live-BlIoRsjj.mjs:299:43
    at async server (file:///workspace/.vercel/output/functions/__server.func/_ssr/ssr.mjs:379:20)
    at async callNextMiddleware (file:///workspace/.vercel/output/functions/__server.func/_ssr/ssr.mjs:307:20)
    at async AsyncFunction.__executeServer (file:///workspace/.vercel/output/functions/__server.func/_ssr/ssr.mjs:251:13)
    at async file:///workspace/.vercel/output/functions/__server.func/_ssr/ssr.mjs:672:13
    at async file:///workspace/.vercel/output/functions/__server.func/_ssr/ssr.mjs:649:14
[adsb] https://api.adsb.lol/v2/lat/15.6/lon/32.5/dist/280 Error: HTTP 429
    at fetchText (file:///workspace/.vercel/output/functions/__server.func/_ssr/live-BlIoRsjj.mjs:30:22)
    at process.processTicksAndRejections (node:internal/process/task_queues:103:5)
    at async pullAdsbPoint (file:///workspace/.vercel/output/functions/__server.func/_ssr/live-BlIoRsjj.mjs:182:16)
    at async Promise.all (index 0)
    at async pullFlights (file:///workspace/.vercel/output/functions/__server.func/_ssr/live-BlIoRsjj.mjs:240:18)
    at async Promise.all (index 1)
    at async file:///workspace/.vercel/output/functions/__server.func/_ssr/live-BlIoRsjj.mjs:299:43
    at async server (file:///workspace/.vercel/output/functions/__server.func/_ssr/ssr.mjs:379:20)
    at async callNextMiddleware (file:///workspace/.vercel/output/functions/__server.func/_ssr/ssr.mjs:307:20)
    at async AsyncFunction.__executeServer (file:///workspace/.vercel/output/functions/__server.func/_ssr/ssr.mjs:251:13)
[adsb] https://api.adsb.lol/v2/lat/19.5/lon/37.2/dist/220 Error: HTTP 429
    at fetchText (file:///workspace/.vercel/output/functions/__server.func/_ssr/live-BlIoRsjj.mjs:30:22)
    at process.processTicksAndRejections (node:internal/process/task_queues:103:5)
    at async pullAdsbPoint (file:///workspace/.vercel/output/functions/__server.func/_ssr/live-BlIoRsjj.mjs:182:16)
    at async Promise.all (index 2)
    at async pullFlights (file:///workspace/.vercel/output/functions/__server.func/_ssr/live-BlIoRsjj.mjs:240:18)
    at async Promise.all (index 1)
    at async file:///workspace/.vercel/output/functions/__server.func/_ssr/live-BlIoRsjj.mjs:299:43
    at async server (file:///workspace/.vercel/output/functions/__server.func/_ssr/ssr.mjs:379:20)
    at async callNextMiddleware (file:///workspace/.vercel/output/functions/__server.func/_ssr/ssr.mjs:307:20)
    at async AsyncFunction.__executeServer (file:///workspace/.vercel/output/functions/__server.func/_ssr/ssr.mjs:251:13)
[adsb] https://api.adsb.lol/v2/lat/12.1/lon/24.9/dist/260 Error: HTTP 429
    at fetchText (file:///workspace/.vercel/output/functions/__server.func/_ssr/live-BlIoRsjj.mjs:30:22)
    at process.processTicksAndRejections (node:internal/process/task_queues:103:5)
    at async pullAdsbPoint (file:///workspace/.vercel/output/functions/__server.func/_ssr/live-BlIoRsjj.mjs:182:16)
    at async Promise.all (index 3)
    at async pullFlights (file:///workspace/.vercel/output/functions/__server.func/_ssr/live-BlIoRsjj.mjs:240:18)
    at async Promise.all (index 1)
    at async file:///workspace/.vercel/output/functions/__server.func/_ssr/live-BlIoRsjj.mjs:299:43
    at async server (file:///workspace/.vercel/output/functions/__server.func/_ssr/ssr.mjs:379:20)
    at async callNextMiddleware (file:///workspace/.vercel/output/functions/__server.func/_ssr/ssr.mjs:307:20)
    at async AsyncFunction.__executeServer (file:///workspace/.vercel/output/functions/__server.func/_ssr/ssr.mjs:251:13)
[adsb] https://api.adsb.lol/v2/lat/10.6/lon/34.3/dist/240 Error: HTTP 429
    at fetchText (file:///workspace/.vercel/output/functions/__server.func/_ssr/live-BlIoRsjj.mjs:30:22)
    at process.processTicksAndRejections (node:internal/process/task_queues:103:5)
    at async pullAdsbPoint (file:///workspace/.vercel/output/functions/__server.func/_ssr/live-BlIoRsjj.mjs:182:16)
    at async Promise.all (index 4)
    at async pullFlights (file:///workspace/.vercel/output/functions/__server.func/_ssr/live-BlIoRsjj.mjs:240:18)
    at async Promise.all (index 1)
    at async file:///workspace/.vercel/output/functions/__server.func/_ssr/live-BlIoRsjj.mjs:299:43
    at async server (file:///workspace/.vercel/output/functions/__server.func/_ssr/ssr.mjs:379:20)
    at async callNextMiddleware (file:///workspace/.vercel/output/functions/__server.func/_ssr/ssr.mjs:307:20)
    at async AsyncFunction.__executeServer (file:///workspace/.vercel/output/functions/__server.func/_ssr/ssr.mjs:251:13)
[adsb] https://opendata.adsb.fi/api/v2/lat/15.6/lon/32.5/dist/280 Error: HTTP 400
    at fetchText (file:///workspace/.vercel/output/functions/__server.func/_ssr/live-BlIoRsjj.mjs:30:22)
    at process.processTicksAndRejections (node:internal/process/task_queues:103:5)
    at async pullAdsbPoint (file:///workspace/.vercel/output/functions/__server.func/_ssr/live-BlIoRsjj.mjs:182:16)
    at async Promise.all (index 0)
    at async pullFlights (file:///workspace/.vercel/output/functions/__server.func/_ssr/live-BlIoRsjj.mjs:240:18)
    at async Promise.all (index 1)
    at async file:///workspace/.vercel/output/functions/__server.func/_ssr/live-BlIoRsjj.mjs:299:43
    at async server (file:///workspace/.vercel/output/functions/__server.func/_ssr/ssr.mjs:379:20)
    at async callNextMiddleware (file:///workspace/.vercel/output/functions/__server.func/_ssr/ssr.mjs:307:20)
    at async AsyncFunction.__executeServer (file:///workspace/.vercel/output/functions/__server.func/_ssr/ssr.mjs:251:13)
[adsb] https://opendata.adsb.fi/api/v2/lat/12.1/lon/24.9/dist/260 Error: HTTP 429
    at fetchText (file:///workspace/.vercel/output/functions/__server.func/_ssr/live-BlIoRsjj.mjs:30:22)
    at process.processTicksAndRejections (node:internal/process/task_queues:103:5)
    at async pullAdsbPoint (file:///workspace/.vercel/output/functions/__server.func/_ssr/live-BlIoRsjj.mjs:182:16)
    at async Promise.all (index 3)
    at async pullFlights (file:///workspace/.vercel/output/functions/__server.func/_ssr/live-BlIoRsjj.mjs:240:18)
    at async Promise.all (index 1)
    at async file:///workspace/.vercel/output/functions/__server.func/_ssr/live-BlIoRsjj.mjs:299:43
    at async server (file:///workspace/.vercel/output/functions/__server.func/_ssr/ssr.mjs:379:20)
    at async callNextMiddleware (file:///workspace/.vercel/output/functions/__server.func/_ssr/ssr.mjs:307:20)
    at async AsyncFunction.__executeServer (file:///workspace/.vercel/output/functions/__server.func/_ssr/ssr.mjs:251:13)
[adsb] https://opendata.adsb.fi/api/v2/lat/10.6/lon/34.3/dist/240 Error: HTTP 429
    at fetchText (file:///workspace/.vercel/output/functions/__server.func/_ssr/live-BlIoRsjj.mjs:30:22)
    at process.processTicksAndRejections (node:internal/process/task_queues:103:5)
    at async pullAdsbPoint (file:///workspace/.vercel/output/functions/__server.func/_ssr/live-BlIoRsjj.mjs:182:16)
    at async Promise.all (index 4)
    at async pullFlights (file:///workspace/.vercel/output/functions/__server.func/_ssr/live-BlIoRsjj.mjs:240:18)
    at async Promise.all (index 1)
    at async file:///workspace/.vercel/output/functions/__server.func/_ssr/live-BlIoRsjj.mjs:299:43
    at async server (file:///workspace/.vercel/output/functions/__server.func/_ssr/ssr.mjs:379:20)
    at async callNextMiddleware (file:///workspace/.vercel/output/functions/__server.func/_ssr/ssr.mjs:307:20)
    at async AsyncFunction.__executeServer (file:///workspace/.vercel/output/functions/__server.func/_ssr/ssr.mjs:251:13)
Error: aborted
    at abortIncoming (node:_http_server:838:17)
    ... 3 lines matching cause stack trace ...
    at TCP.callbackTrampoline (node:internal/async_hooks:130:17) {
  cause: Error: aborted
      at abortIncoming (node:_http_server:838:17)
      at socketOnClose (node:_http_server:832:3)
      at Socket.emit (node:events:531:35)
      at TCP.<anonymous> (node:net:347:12)
      at TCP.callbackTrampoline (node:internal/async_hooks:130:17) {
    code: 'ECONNRESET'
  },
  status: 500,
  statusText: undefined,
  headers: undefined,
  data: undefined,
  body: undefined,
  unhandled: true
}

> preview
> node scripts/with-app-env.mjs vite preview


 ╭────────── [Build Info] ─────────────╮
 │                                     │
 │  - Build Directory: .vercel/output  │
 │  - Date: 9/13/2026, 7:14:56 AM      │
 │  - Nitro Version: 3.0.260610-beta   │
 │  - Nitro Preset: vercel             │
 │                                     │
 ╰─────────────────────────────────────╯

  ➜  Local:   http://127.0.0.1:8081/
[reliefweb] Error: HTTP 410
    at fetchText (file:///workspace/.vercel/output/functions/__server.func/_ssr/live-BaVM2MqT.mjs:316:22)
    at process.processTicksAndRejections (node:internal/process/task_queues:103:5)
    at async pullReports (file:///workspace/.vercel/output/functions/__server.func/_ssr/live-BaVM2MqT.mjs:556:16)
    at async Promise.all (index 2)
    at async file:///workspace/.vercel/output/functions/__server.func/_ssr/live-BaVM2MqT.mjs:585:62
    at async server (file:///workspace/.vercel/output/functions/__server.func/_ssr/ssr.mjs:379:20)
    at async callNextMiddleware (file:///workspace/.vercel/output/functions/__server.func/_ssr/ssr.mjs:307:20)
    at async AsyncFunction.__executeServer (file:///workspace/.vercel/output/functions/__server.func/_ssr/ssr.mjs:251:13)
    at async file:///workspace/.vercel/output/functions/__server.func/_ssr/ssr.mjs:672:13
    at async file:///workspace/.vercel/output/functions/__server.func/_ssr/ssr.mjs:649:14
[adsb] https://api.adsb.lol/v2/lat/19.5/lon/37.2/dist/220 Error: HTTP 420
    at fetchText (file:///workspace/.vercel/output/functions/__server.func/_ssr/live-BaVM2MqT.mjs:316:22)
    at process.processTicksAndRejections (node:internal/process/task_queues:103:5)
    at async pullAdsbPoint (file:///workspace/.vercel/output/functions/__server.func/_ssr/live-BaVM2MqT.mjs:468:16)
    at async Promise.all (index 2)
    at async pullFlights (file:///workspace/.vercel/output/functions/__server.func/_ssr/live-BaVM2MqT.mjs:526:18)
    at async Promise.all (index 1)
    at async file:///workspace/.vercel/output/functions/__server.func/_ssr/live-BaVM2MqT.mjs:585:62
    at async server (file:///workspace/.vercel/output/functions/__server.func/_ssr/ssr.mjs:379:20)
    at async callNextMiddleware (file:///workspace/.vercel/output/functions/__server.func/_ssr/ssr.mjs:307:20)
    at async AsyncFunction.__executeServer (file:///workspace/.vercel/output/functions/__server.func/_ssr/ssr.mjs:251:13)
Error: aborted
    at abortIncoming (node:_http_server:838:17)
    ... 3 lines matching cause stack trace ...
    at TCP.callbackTrampoline (node:internal/async_hooks:130:17) {
  cause: Error: aborted
      at abortIncoming (node:_http_server:838:17)
      at socketOnClose (node:_http_server:832:3)
      at Socket.emit (node:events:531:35)
      at TCP.<anonymous> (node:net:347:12)
      at TCP.callbackTrampoline (node:internal/async_hooks:130:17) {
    code: 'ECONNRESET'
  },
  status: 500,
  statusText: undefined,
  headers: undefined,
  data: undefined,
  body: undefined,
  unhandled: true
}
Error: aborted
    at abortIncoming (node:_http_server:838:17)
    ... 3 lines matching cause stack trace ...
    at TCP.callbackTrampoline (node:internal/async_hooks:130:17) {
  cause: Error: aborted
      at abortIncoming (node:_http_server:838:17)
      at socketOnClose (node:_http_server:832:3)
      at Socket.emit (node:events:531:35)
      at TCP.<anonymous> (node:net:347:12)
      at TCP.callbackTrampoline (node:internal/async_hooks:130:17) {
    code: 'ECONNRESET'
  },
  status: 500,
  statusText: undefined,
  headers: undefined,
  data: undefined,
  body: undefined,
  unhandled: true
}
[reliefweb] Error: HTTP 410
    at fetchText (file:///workspace/.vercel/output/functions/__server.func/_ssr/live-BaVM2MqT.mjs:316:22)
    at process.processTicksAndRejections (node:internal/process/task_queues:103:5)
    at async pullReports (file:///workspace/.vercel/output/functions/__server.func/_ssr/live-BaVM2MqT.mjs:556:16)
    at async Promise.all (index 2)
    at async file:///workspace/.vercel/output/functions/__server.func/_ssr/live-BaVM2MqT.mjs:585:62
    at async server (file:///workspace/.vercel/output/functions/__server.func/_ssr/ssr.mjs:379:20)
    at async callNextMiddleware (file:///workspace/.vercel/output/functions/__server.func/_ssr/ssr.mjs:307:20)
    at async AsyncFunction.__executeServer (file:///workspace/.vercel/output/functions/__server.func/_ssr/ssr.mjs:251:13)
    at async file:///workspace/.vercel/output/functions/__server.func/_ssr/ssr.mjs:672:13
    at async file:///workspace/.vercel/output/functions/__server.func/_ssr/ssr.mjs:649:14
[adsb] https://api.adsb.lol/v2/lat/12.1/lon/24.9/dist/260 Error: HTTP 429
    at fetchText (file:///workspace/.vercel/output/functions/__server.func/_ssr/live-BaVM2MqT.mjs:316:22)
    at process.processTicksAndRejections (node:internal/process/task_queues:103:5)
    at async pullAdsbPoint (file:///workspace/.vercel/output/functions/__server.func/_ssr/live-BaVM2MqT.mjs:468:16)
    at async Promise.all (index 3)
    at async pullFlights (file:///workspace/.vercel/output/functions/__server.func/_ssr/live-BaVM2MqT.mjs:526:18)
    at async Promise.all (index 1)
    at async file:///workspace/.vercel/output/functions/__server.func/_ssr/live-BaVM2MqT.mjs:585:62
    at async server (file:///workspace/.vercel/output/functions/__server.func/_ssr/ssr.mjs:379:20)
    at async callNextMiddleware (file:///workspace/.vercel/output/functions/__server.func/_ssr/ssr.mjs:307:20)
    at async AsyncFunction.__executeServer (file:///workspace/.vercel/output/functions/__server.func/_ssr/ssr.mjs:251:13)
[adsb] https://api.adsb.lol/v2/lat/19.5/lon/37.2/dist/220 Error: HTTP 429
    at fetchText (file:///workspace/.vercel/output/functions/__server.func/_ssr/live-BaVM2MqT.mjs:316:22)
    at process.processTicksAndRejections (node:internal/process/task_queues:103:5)
    at async pullAdsbPoint (file:///workspace/.vercel/output/functions/__server.func/_ssr/live-BaVM2MqT.mjs:468:16)
    at async Promise.all (index 2)
    at async pullFlights (file:///workspace/.vercel/output/functions/__server.func/_ssr/live-BaVM2MqT.mjs:526:18)
    at async Promise.all (index 1)
    at async file:///workspace/.vercel/output/functions/__server.func/_ssr/live-BaVM2MqT.mjs:585:62
    at async server (file:///workspace/.vercel/output/functions/__server.func/_ssr/ssr.mjs:379:20)
    at async callNextMiddleware (file:///workspace/.vercel/output/functions/__server.func/_ssr/ssr.mjs:307:20)
    at async AsyncFunction.__executeServer (file:///workspace/.vercel/output/functions/__server.func/_ssr/ssr.mjs:251:13)
[adsb] https://api.adsb.lol/v2/lat/13.6/lon/25.3/dist/320 Error: HTTP 429
    at fetchText (file:///workspace/.vercel/output/functions/__server.func/_ssr/live-BaVM2MqT.mjs:316:22)
    at process.processTicksAndRejections (node:internal/process/task_queues:103:5)
    at async pullAdsbPoint (file:///workspace/.vercel/output/functions/__server.func/_ssr/live-BaVM2MqT.mjs:468:16)
    at async Promise.all (index 1)
    at async pullFlights (file:///workspace/.vercel/output/functions/__server.func/_ssr/live-BaVM2MqT.mjs:526:18)
    at async Promise.all (index 1)
    at async file:///workspace/.vercel/output/functions/__server.func/_ssr/live-BaVM2MqT.mjs:585:62
    at async server (file:///workspace/.vercel/output/functions/__server.func/_ssr/ssr.mjs:379:20)
    at async callNextMiddleware (file:///workspace/.vercel/output/functions/__server.func/_ssr/ssr.mjs:307:20)
    at async AsyncFunction.__executeServer (file:///workspace/.vercel/output/functions/__server.func/_ssr/ssr.mjs:251:13)
[adsb] https://opendata.adsb.fi/api/v2/lat/12.1/lon/24.9/dist/260 Error: HTTP 400
    at fetchText (file:///workspace/.vercel/output/functions/__server.func/_ssr/live-BaVM2MqT.mjs:316:22)
    at process.processTicksAndRejections (node:internal/process/task_queues:103:5)
    at async pullAdsbPoint (file:///workspace/.vercel/output/functions/__server.func/_ssr/live-BaVM2MqT.mjs:468:16)
    at async Promise.all (index 3)
    at async pullFlights (file:///workspace/.vercel/output/functions/__server.func/_ssr/live-BaVM2MqT.mjs:526:18)
    at async Promise.all (index 1)
    at async file:///workspace/.vercel/output/functions/__server.func/_ssr/live-BaVM2MqT.mjs:585:62
    at async server (file:///workspace/.vercel/output/functions/__server.func/_ssr/ssr.mjs:379:20)
    at async callNextMiddleware (file:///workspace/.vercel/output/functions/__server.func/_ssr/ssr.mjs:307:20)
    at async AsyncFunction.__executeServer (file:///workspace/.vercel/output/functions/__server.func/_ssr/ssr.mjs:251:13)
[adsb] https://opendata.adsb.fi/api/v2/lat/13.6/lon/25.3/dist/320 Error: HTTP 400
    at fetchText (file:///workspace/.vercel/output/functions/__server.func/_ssr/live-BaVM2MqT.mjs:316:22)
    at process.processTicksAndRejections (node:internal/process/task_queues:103:5)
    at async pullAdsbPoint (file:///workspace/.vercel/output/functions/__server.func/_ssr/live-BaVM2MqT.mjs:468:16)
    at async Promise.all (index 1)
    at async pullFlights (file:///workspace/.vercel/output/functions/__server.func/_ssr/live-BaVM2MqT.mjs:526:18)
    at async Promise.all (index 1)
    at async file:///workspace/.vercel/output/functions/__server.func/_ssr/live-BaVM2MqT.mjs:585:62
    at async server (file:///workspace/.vercel/output/functions/__server.func/_ssr/ssr.mjs:379:20)
    at async callNextMiddleware (file:///workspace/.vercel/output/functions/__server.func/_ssr/ssr.mjs:307:20)
    at async AsyncFunction.__executeServer (file:///workspace/.vercel/output/functions/__server.func/_ssr/ssr.mjs:251:13)
[adsb] https://opendata.adsb.fi/api/v2/lat/19.5/lon/37.2/dist/220 Error: HTTP 429
    at fetchText (file:///workspace/.vercel/output/functions/__server.func/_ssr/live-BaVM2MqT.mjs:316:22)
    at process.processTicksAndRejections (node:internal/process/task_queues:103:5)
    at async pullAdsbPoint (file:///workspace/.vercel/output/functions/__server.func/_ssr/live-BaVM2MqT.mjs:468:16)
    at async Promise.all (index 2)
    at async pullFlights (file:///workspace/.vercel/output/functions/__server.func/_ssr/live-BaVM2MqT.mjs:526:18)
    at async Promise.all (index 1)
    at async file:///workspace/.vercel/output/functions/__server.func/_ssr/live-BaVM2MqT.mjs:585:62
    at async server (file:///workspace/.vercel/output/functions/__server.func/_ssr/ssr.mjs:379:20)
    at async callNextMiddleware (file:///workspace/.vercel/output/functions/__server.func/_ssr/ssr.mjs:307:20)
    at async AsyncFunction.__executeServer (file:///workspace/.vercel/output/functions/__server.func/_ssr/ssr.mjs:251:13)
[opensky] DOMException [AbortError]: This operation was aborted
    at node:internal/deps/undici/undici:15157:13
    at async fetchText (file:///workspace/.vercel/output/functions/__server.func/_ssr/live-BaVM2MqT.mjs:309:15)
    at async pullOpenSky (file:///workspace/.vercel/output/functions/__server.func/_ssr/live-BaVM2MqT.mjs:479:16)
    at async pullFlights (file:///workspace/.vercel/output/functions/__server.func/_ssr/live-BaVM2MqT.mjs:529:15)
    at async Promise.all (index 1)
    at async file:///workspace/.vercel/output/functions/__server.func/_ssr/live-BaVM2MqT.mjs:585:62
    at async server (file:///workspace/.vercel/output/functions/__server.func/_ssr/ssr.mjs:379:20)
    at async callNextMiddleware (file:///workspace/.vercel/output/functions/__server.func/_ssr/ssr.mjs:307:20)
    at async AsyncFunction.__executeServer (file:///workspace/.vercel/output/functions/__server.func/_ssr/ssr.mjs:251:13)
    at async file:///workspace/.vercel/output/functions/__server.func/_ssr/ssr.mjs:672:13
[opensky] DOMException [AbortError]: This operation was aborted
    at node:internal/deps/undici/undici:15157:13
    at async fetchText (file:///workspace/.vercel/output/functions/__server.func/_ssr/live-BaVM2MqT.mjs:309:15)
    at async pullOpenSky (file:///workspace/.vercel/output/functions/__server.func/_ssr/live-BaVM2MqT.mjs:479:16)
    at async pullFlights (file:///workspace/.vercel/output/functions/__server.func/_ssr/live-BaVM2MqT.mjs:529:15)
    at async Promise.all (index 1)
    at async file:///workspace/.vercel/output/functions/__server.func/_ssr/live-BaVM2MqT.mjs:585:62
    at async server (file:///workspace/.vercel/output/functions/__server.func/_ssr/ssr.mjs:379:20)
    at async callNextMiddleware (file:///workspace/.vercel/output/functions/__server.func/_ssr/ssr.mjs:307:20)
    at async AsyncFunction.__executeServer (file:///workspace/.vercel/output/functions/__server.func/_ssr/ssr.mjs:251:13)
    at async file:///workspace/.vercel/output/functions/__server.func/_ssr/ssr.mjs:672:13

> preview
> node scripts/with-app-env.mjs vite preview


 ╭────────── [Build Info] ─────────────╮
 │                                     │
 │  - Build Directory: .vercel/output  │
 │  - Date: 9/13/2026, 7:23:13 AM      │
 │  - Nitro Version: 3.0.260610-beta   │
 │  - Nitro Preset: vercel             │
 │                                     │
 ╰─────────────────────────────────────╯

  ➜  Local:   http://127.0.0.1:8081/
[reliefweb] Error: HTTP 410
    at fetchText (file:///workspace/.vercel/output/functions/__server.func/_ssr/live-CH1S79Ed.mjs:323:22)
    at process.processTicksAndRejections (node:internal/process/task_queues:103:5)
    at async pullReports (file:///workspace/.vercel/output/functions/__server.func/_ssr/live-CH1S79Ed.mjs:563:16)
    at async Promise.all (index 2)
    at async file:///workspace/.vercel/output/functions/__server.func/_ssr/live-CH1S79Ed.mjs:592:62
    at async server (file:///workspace/.vercel/output/functions/__server.func/_ssr/ssr.mjs:379:20)
    at async callNextMiddleware (file:///workspace/.vercel/output/functions/__server.func/_ssr/ssr.mjs:307:20)
    at async AsyncFunction.__executeServer (file:///workspace/.vercel/output/functions/__server.func/_ssr/ssr.mjs:251:13)
    at async file:///workspace/.vercel/output/functions/__server.func/_ssr/ssr.mjs:672:13
    at async file:///workspace/.vercel/output/functions/__server.func/_ssr/ssr.mjs:649:14
[adsb] https://api.adsb.lol/v2/lat/12.1/lon/24.9/dist/260 Error: HTTP 429
    at fetchText (file:///workspace/.vercel/output/functions/__server.func/_ssr/live-CH1S79Ed.mjs:323:22)
    at process.processTicksAndRejections (node:internal/process/task_queues:103:5)
    at async pullAdsbPoint (file:///workspace/.vercel/output/functions/__server.func/_ssr/live-CH1S79Ed.mjs:475:16)
    at async Promise.all (index 3)
    at async pullFlights (file:///workspace/.vercel/output/functions/__server.func/_ssr/live-CH1S79Ed.mjs:533:18)
    at async Promise.all (index 1)
    at async file:///workspace/.vercel/output/functions/__server.func/_ssr/live-CH1S79Ed.mjs:592:62
    at async server (file:///workspace/.vercel/output/functions/__server.func/_ssr/ssr.mjs:379:20)
    at async callNextMiddleware (file:///workspace/.vercel/output/functions/__server.func/_ssr/ssr.mjs:307:20)
    at async AsyncFunction.__executeServer (file:///workspace/.vercel/output/functions/__server.func/_ssr/ssr.mjs:251:13)
[adsb] https://api.adsb.lol/v2/lat/19.5/lon/37.2/dist/220 Error: HTTP 429
    at fetchText (file:///workspace/.vercel/output/functions/__server.func/_ssr/live-CH1S79Ed.mjs:323:22)
    at process.processTicksAndRejections (node:internal/process/task_queues:103:5)
    at async pullAdsbPoint (file:///workspace/.vercel/output/functions/__server.func/_ssr/live-CH1S79Ed.mjs:475:16)
    at async Promise.all (index 2)
    at async pullFlights (file:///workspace/.vercel/output/functions/__server.func/_ssr/live-CH1S79Ed.mjs:533:18)
    at async Promise.all (index 1)
    at async file:///workspace/.vercel/output/functions/__server.func/_ssr/live-CH1S79Ed.mjs:592:62
    at async server (file:///workspace/.vercel/output/functions/__server.func/_ssr/ssr.mjs:379:20)
    at async callNextMiddleware (file:///workspace/.vercel/output/functions/__server.func/_ssr/ssr.mjs:307:20)
    at async AsyncFunction.__executeServer (file:///workspace/.vercel/output/functions/__server.func/_ssr/ssr.mjs:251:13)
[adsb] https://api.adsb.lol/v2/lat/13.6/lon/25.3/dist/320 Error: HTTP 429
    at fetchText (file:///workspace/.vercel/output/functions/__server.func/_ssr/live-CH1S79Ed.mjs:323:22)
    at process.processTicksAndRejections (node:internal/process/task_queues:103:5)
    at async pullAdsbPoint (file:///workspace/.vercel/output/functions/__server.func/_ssr/live-CH1S79Ed.mjs:475:16)
    at async Promise.all (index 1)
    at async pullFlights (file:///workspace/.vercel/output/functions/__server.func/_ssr/live-CH1S79Ed.mjs:533:18)
    at async Promise.all (index 1)
    at async file:///workspace/.vercel/output/functions/__server.func/_ssr/live-CH1S79Ed.mjs:592:62
    at async server (file:///workspace/.vercel/output/functions/__server.func/_ssr/ssr.mjs:379:20)
    at async callNextMiddleware (file:///workspace/.vercel/output/functions/__server.func/_ssr/ssr.mjs:307:20)
    at async AsyncFunction.__executeServer (file:///workspace/.vercel/output/functions/__server.func/_ssr/ssr.mjs:251:13)
[adsb] https://api.adsb.lol/v2/lat/10.6/lon/34.3/dist/240 Error: HTTP 429
    at fetchText (file:///workspace/.vercel/output/functions/__server.func/_ssr/live-CH1S79Ed.mjs:323:22)
    at process.processTicksAndRejections (node:internal/process/task_queues:103:5)
    at async pullAdsbPoint (file:///workspace/.vercel/output/functions/__server.func/_ssr/live-CH1S79Ed.mjs:475:16)
    at async Promise.all (index 4)
    at async pullFlights (file:///workspace/.vercel/output/functions/__server.func/_ssr/live-CH1S79Ed.mjs:533:18)
    at async Promise.all (index 1)
    at async file:///workspace/.vercel/output/functions/__server.func/_ssr/live-CH1S79Ed.mjs:592:62
    at async server (file:///workspace/.vercel/output/functions/__server.func/_ssr/ssr.mjs:379:20)
    at async callNextMiddleware (file:///workspace/.vercel/output/functions/__server.func/_ssr/ssr.mjs:307:20)
    at async AsyncFunction.__executeServer (file:///workspace/.vercel/output/functions/__server.func/_ssr/ssr.mjs:251:13)
[adsb] https://api.adsb.lol/v2/lat/15.6/lon/32.5/dist/280 Error: HTTP 429
    at fetchText (file:///workspace/.vercel/output/functions/__server.func/_ssr/live-CH1S79Ed.mjs:323:22)
    at process.processTicksAndRejections (node:internal/process/task_queues:103:5)
    at async pullAdsbPoint (file:///workspace/.vercel/output/functions/__server.func/_ssr/live-CH1S79Ed.mjs:475:16)
    at async Promise.all (index 0)
    at async pullFlights (file:///workspace/.vercel/output/functions/__server.func/_ssr/live-CH1S79Ed.mjs:533:18)
    at async Promise.all (index 1)
    at async file:///workspace/.vercel/output/functions/__server.func/_ssr/live-CH1S79Ed.mjs:592:62
    at async server (file:///workspace/.vercel/output/functions/__server.func/_ssr/ssr.mjs:379:20)
    at async callNextMiddleware (file:///workspace/.vercel/output/functions/__server.func/_ssr/ssr.mjs:307:20)
    at async AsyncFunction.__executeServer (file:///workspace/.vercel/output/functions/__server.func/_ssr/ssr.mjs:251:13)
Error: aborted
    at abortIncoming (node:_http_server:838:17)
    ... 3 lines matching cause stack trace ...
    at TCP.callbackTrampoline (node:internal/async_hooks:130:17) {
  cause: Error: aborted
      at abortIncoming (node:_http_server:838:17)
      at socketOnClose (node:_http_server:832:3)
      at Socket.emit (node:events:531:35)
      at TCP.<anonymous> (node:net:347:12)
      at TCP.callbackTrampoline (node:internal/async_hooks:130:17) {
    code: 'ECONNRESET'
  },
  status: 500,
  statusText: undefined,
  headers: undefined,
  data: undefined,
  body: undefined,
  unhandled: true
}
[adsb] https://opendata.adsb.fi/api/v2/lat/12.1/lon/24.9/dist/260 Error: HTTP 400
    at fetchText (file:///workspace/.vercel/output/functions/__server.func/_ssr/live-CH1S79Ed.mjs:323:22)
    at process.processTicksAndRejections (node:internal/process/task_queues:103:5)
    at async pullAdsbPoint (file:///workspace/.vercel/output/functions/__server.func/_ssr/live-CH1S79Ed.mjs:475:16)
    at async Promise.all (index 3)
    at async pullFlights (file:///workspace/.vercel/output/functions/__server.func/_ssr/live-CH1S79Ed.mjs:533:18)
    at async Promise.all (index 1)
    at async file:///workspace/.vercel/output/functions/__server.func/_ssr/live-CH1S79Ed.mjs:592:62
    at async server (file:///workspace/.vercel/output/functions/__server.func/_ssr/ssr.mjs:379:20)
    at async callNextMiddleware (file:///workspace/.vercel/output/functions/__server.func/_ssr/ssr.mjs:307:20)
    at async AsyncFunction.__executeServer (file:///workspace/.vercel/output/functions/__server.func/_ssr/ssr.mjs:251:13)
[adsb] https://opendata.adsb.fi/api/v2/lat/13.6/lon/25.3/dist/320 Error: HTTP 400
    at fetchText (file:///workspace/.vercel/output/functions/__server.func/_ssr/live-CH1S79Ed.mjs:323:22)
    at process.processTicksAndRejections (node:internal/process/task_queues:103:5)
    at async pullAdsbPoint (file:///workspace/.vercel/output/functions/__server.func/_ssr/live-CH1S79Ed.mjs:475:16)
    at async Promise.all (index 1)
    at async pullFlights (file:///workspace/.vercel/output/functions/__server.func/_ssr/live-CH1S79Ed.mjs:533:18)
    at async Promise.all (index 1)
    at async file:///workspace/.vercel/output/functions/__server.func/_ssr/live-CH1S79Ed.mjs:592:62
    at async server (file:///workspace/.vercel/output/functions/__server.func/_ssr/ssr.mjs:379:20)
    at async callNextMiddleware (file:///workspace/.vercel/output/functions/__server.func/_ssr/ssr.mjs:307:20)
    at async AsyncFunction.__executeServer (file:///workspace/.vercel/output/functions/__server.func/_ssr/ssr.mjs:251:13)
[adsb] https://opendata.adsb.fi/api/v2/lat/10.6/lon/34.3/dist/240 Error: HTTP 429
    at fetchText (file:///workspace/.vercel/output/functions/__server.func/_ssr/live-CH1S79Ed.mjs:323:22)
    at process.processTicksAndRejections (node:internal/process/task_queues:103:5)
    at async pullAdsbPoint (file:///workspace/.vercel/output/functions/__server.func/_ssr/live-CH1S79Ed.mjs:475:16)
    at async Promise.all (index 4)
    at async pullFlights (file:///workspace/.vercel/output/functions/__server.func/_ssr/live-CH1S79Ed.mjs:533:18)
    at async Promise.all (index 1)
    at async file:///workspace/.vercel/output/functions/__server.func/_ssr/live-CH1S79Ed.mjs:592:62
    at async server (file:///workspace/.vercel/output/functions/__server.func/_ssr/ssr.mjs:379:20)
    at async callNextMiddleware (file:///workspace/.vercel/output/functions/__server.func/_ssr/ssr.mjs:307:20)
    at async AsyncFunction.__executeServer (file:///workspace/.vercel/output/functions/__server.func/_ssr/ssr.mjs:251:13)
[adsb] https://opendata.adsb.fi/api/v2/lat/15.6/lon/32.5/dist/280 Error: HTTP 429
    at fetchText (file:///workspace/.vercel/output/functions/__server.func/_ssr/live-CH1S79Ed.mjs:323:22)
    at process.processTicksAndRejections (node:internal/process/task_queues:103:5)
    at async pullAdsbPoint (file:///workspace/.vercel/output/functions/__server.func/_ssr/live-CH1S79Ed.mjs:475:16)
    at async Promise.all (index 0)
    at async pullFlights (file:///workspace/.vercel/output/functions/__server.func/_ssr/live-CH1S79Ed.mjs:533:18)
    at async Promise.all (index 1)
    at async file:///workspace/.vercel/output/functions/__server.func/_ssr/live-CH1S79Ed.mjs:592:62
    at async server (file:///workspace/.vercel/output/functions/__server.func/_ssr/ssr.mjs:379:20)
    at async callNextMiddleware (file:///workspace/.vercel/output/functions/__server.func/_ssr/ssr.mjs:307:20)
    at async AsyncFunction.__executeServer (file:///workspace/.vercel/output/functions/__server.func/_ssr/ssr.mjs:251:13)
[adsb] https://opendata.adsb.fi/api/v2/lat/19.5/lon/37.2/dist/220 Error: HTTP 429
    at fetchText (file:///workspace/.vercel/output/functions/__server.func/_ssr/live-CH1S79Ed.mjs:323:22)
    at process.processTicksAndRejections (node:internal/process/task_queues:103:5)
    at async pullAdsbPoint (file:///workspace/.vercel/output/functions/__server.func/_ssr/live-CH1S79Ed.mjs:475:16)
    at async Promise.all (index 2)
    at async pullFlights (file:///workspace/.vercel/output/functions/__server.func/_ssr/live-CH1S79Ed.mjs:533:18)
    at async Promise.all (index 1)
    at async file:///workspace/.vercel/output/functions/__server.func/_ssr/live-CH1S79Ed.mjs:592:62
    at async server (file:///workspace/.vercel/output/functions/__server.func/_ssr/ssr.mjs:379:20)
    at async callNextMiddleware (file:///workspace/.vercel/output/functions/__server.func/_ssr/ssr.mjs:307:20)
    at async AsyncFunction.__executeServer (file:///workspace/.vercel/output/functions/__server.func/_ssr/ssr.mjs:251:13)
[opensky] DOMException [AbortError]: This operation was aborted
    at node:internal/deps/undici/undici:15157:13
    at async fetchText (file:///workspace/.vercel/output/functions/__server.func/_ssr/live-CH1S79Ed.mjs:316:15)
    at async pullOpenSky (file:///workspace/.vercel/output/functions/__server.func/_ssr/live-CH1S79Ed.mjs:486:16)
    at async pullFlights (file:///workspace/.vercel/output/functions/__server.func/_ssr/live-CH1S79Ed.mjs:536:15)
    at async Promise.all (index 1)
    at async file:///workspace/.vercel/output/functions/__server.func/_ssr/live-CH1S79Ed.mjs:592:62
    at async server (file:///workspace/.vercel/output/functions/__server.func/_ssr/ssr.mjs:379:20)
    at async callNextMiddleware (file:///workspace/.vercel/output/functions/__server.func/_ssr/ssr.mjs:307:20)
    at async AsyncFunction.__executeServer (file:///workspace/.vercel/output/functions/__server.func/_ssr/ssr.mjs:251:13)
    at async file:///workspace/.vercel/output/functions/__server.func/_ssr/ssr.mjs:672:13

> preview
> node scripts/with-app-env.mjs vite preview


 ╭────────── [Build Info] ─────────────╮
 │                                     │
 │  - Build Directory: .vercel/output  │
 │  - Date: 9/14/2026, 7:34:10 AM      │
 │  - Nitro Version: 3.0.260610-beta   │
 │  - Nitro Preset: vercel             │
 │                                     │
 ╰─────────────────────────────────────╯

  ➜  Local:   http://127.0.0.1:8081/
Error: aborted
    at abortIncoming (node:_http_server:838:17)
    ... 3 lines matching cause stack trace ...
    at TCP.callbackTrampoline (node:internal/async_hooks:130:17) {
  cause: Error: aborted
      at abortIncoming (node:_http_server:838:17)
      at socketOnClose (node:_http_server:832:3)
      at Socket.emit (node:events:531:35)
      at TCP.<anonymous> (node:net:347:12)
      at TCP.callbackTrampoline (node:internal/async_hooks:130:17) {
    code: 'ECONNRESET'
  },
  status: 500,
  statusText: undefined,
  headers: undefined,
  data: undefined,
  body: undefined,
  unhandled: true
}
Error: aborted
    at abortIncoming (node:_http_server:838:17)
    ... 3 lines matching cause stack trace ...
    at TCP.callbackTrampoline (node:internal/async_hooks:130:17) {
  cause: Error: aborted
      at abortIncoming (node:_http_server:838:17)
      at socketOnClose (node:_http_server:832:3)
      at Socket.emit (node:events:531:35)
      at TCP.<anonymous> (node:net:347:12)
      at TCP.callbackTrampoline (node:internal/async_hooks:130:17) {
    code: 'ECONNRESET'
  },
  status: 500,
  statusText: undefined,
  headers: undefined,
  data: undefined,
  body: undefined,
  unhandled: true
}
[reliefweb] Error: HTTP 410
    at fetchText (file:///workspace/.vercel/output/functions/__server.func/_ssr/live-DL4DXbFJ.mjs:358:22)
    at process.processTicksAndRejections (node:internal/process/task_queues:103:5)
    at async pullReports (file:///workspace/.vercel/output/functions/__server.func/_ssr/live-DL4DXbFJ.mjs:651:16)
    at async Promise.all (index 2)
    at async file:///workspace/.vercel/output/functions/__server.func/_ssr/live-DL4DXbFJ.mjs:687:71
    at async server (file:///workspace/.vercel/output/functions/__server.func/_ssr/ssr.mjs:383:20)
    at async callNextMiddleware (file:///workspace/.vercel/output/functions/__server.func/_ssr/ssr.mjs:311:20)
    at async AsyncFunction.__executeServer (file:///workspace/.vercel/output/functions/__server.func/_ssr/ssr.mjs:255:13)
    at async file:///workspace/.vercel/output/functions/__server.func/_ssr/ssr.mjs:676:13
    at async file:///workspace/.vercel/output/functions/__server.func/_ssr/ssr.mjs:653:14
[adsb] https://api.adsb.lol/v2/lat/15.6/lon/32.5/dist/380 Error: HTTP 420
    at fetchText (file:///workspace/.vercel/output/functions/__server.func/_ssr/live-DL4DXbFJ.mjs:358:22)
    at process.processTicksAndRejections (node:internal/process/task_queues:103:5)
    at async pullAdsbPoint (file:///workspace/.vercel/output/functions/__server.func/_ssr/live-DL4DXbFJ.mjs:513:16)
    at async Promise.all (index 0)
    at async pullFlights (file:///workspace/.vercel/output/functions/__server.func/_ssr/live-DL4DXbFJ.mjs:621:18)
    at async Promise.all (index 0)
    at async file:///workspace/.vercel/output/functions/__server.func/_ssr/live-DL4DXbFJ.mjs:731:30
    at async server (file:///workspace/.vercel/output/functions/__server.func/_ssr/ssr.mjs:383:20)
    at async callNextMiddleware (file:///workspace/.vercel/output/functions/__server.func/_ssr/ssr.mjs:311:20)
    at async AsyncFunction.__executeServer (file:///workspace/.vercel/output/functions/__server.func/_ssr/ssr.mjs:255:13)
[overpass] 8.4 20.2 TypeError: fetch failed
    at node:internal/deps/undici/undici:15157:13
    at process.processTicksAndRejections (node:internal/process/task_queues:103:5)
    at async pullOsmLive (file:///workspace/.vercel/output/functions/__server.func/_ssr/live-DL4DXbFJ.mjs:133:16)
    at async file:///workspace/.vercel/output/functions/__server.func/_ssr/live-DL4DXbFJ.mjs:183:17
    at async Promise.all (index 5)
    at async file:///workspace/.vercel/output/functions/__server.func/_ssr/live-DL4DXbFJ.mjs:687:71
    at async server (file:///workspace/.vercel/output/functions/__server.func/_ssr/ssr.mjs:383:20)
    at async callNextMiddleware (file:///workspace/.vercel/output/functions/__server.func/_ssr/ssr.mjs:311:20)
    at async AsyncFunction.__executeServer (file:///workspace/.vercel/output/functions/__server.func/_ssr/ssr.mjs:255:13)
    at async file:///workspace/.vercel/output/functions/__server.func/_ssr/ssr.mjs:676:13 {
  [cause]: AggregateError [ETIMEDOUT]: 
      at internalConnectMultiple (node:net:1135:18)
      at afterConnectMultiple (node:net:1716:7)
      at TCPConnectWrap.callbackTrampoline (node:internal/async_hooks:130:17) {
    code: 'ETIMEDOUT',
    [errors]: [ [Error], [Error] ]
  }
}
[adsb] https://api.adsb.lol/v2/lat/15.47/lon/36.4/dist/240 Error: HTTP 429
    at fetchText (file:///workspace/.vercel/output/functions/__server.func/_ssr/live-DL4DXbFJ.mjs:358:22)
    at process.processTicksAndRejections (node:internal/process/task_queues:103:5)
    at async pullAdsbPoint (file:///workspace/.vercel/output/functions/__server.func/_ssr/live-DL4DXbFJ.mjs:513:16)
    at async Promise.all (index 5)
    at async pullFlights (file:///workspace/.vercel/output/functions/__server.func/_ssr/live-DL4DXbFJ.mjs:621:18)
    at async Promise.all (index 1)
    at async file:///workspace/.vercel/output/functions/__server.func/_ssr/live-DL4DXbFJ.mjs:687:71
    at async server (file:///workspace/.vercel/output/functions/__server.func/_ssr/ssr.mjs:383:20)
    at async callNextMiddleware (file:///workspace/.vercel/output/functions/__server.func/_ssr/ssr.mjs:311:20)
    at async AsyncFunction.__executeServer (file:///workspace/.vercel/output/functions/__server.func/_ssr/ssr.mjs:255:13)
[adsb] https://api.adsb.lol/v2/lat/12.05/lon/24.88/dist/280 Error: HTTP 429
    at fetchText (file:///workspace/.vercel/output/functions/__server.func/_ssr/live-DL4DXbFJ.mjs:358:22)
    at process.processTicksAndRejections (node:internal/process/task_queues:103:5)
    at async pullAdsbPoint (file:///workspace/.vercel/output/functions/__server.func/_ssr/live-DL4DXbFJ.mjs:513:16)
    at async Promise.all (index 4)
    at async pullFlights (file:///workspace/.vercel/output/functions/__server.func/_ssr/live-DL4DXbFJ.mjs:621:18)
    at async Promise.all (index 1)
    at async file:///workspace/.vercel/output/functions/__server.func/_ssr/live-DL4DXbFJ.mjs:687:71
    at async server (file:///workspace/.vercel/output/functions/__server.func/_ssr/ssr.mjs:383:20)
    at async callNextMiddleware (file:///workspace/.vercel/output/functions/__server.func/_ssr/ssr.mjs:311:20)
    at async AsyncFunction.__executeServer (file:///workspace/.vercel/output/functions/__server.func/_ssr/ssr.mjs:255:13)
[adsb] https://api.adsb.lol/v2/lat/30.1/lon/31.4/dist/280 Error: HTTP 429
    at fetchText (file:///workspace/.vercel/output/functions/__server.func/_ssr/live-DL4DXbFJ.mjs:358:22)
    at process.processTicksAndRejections (node:internal/process/task_queues:103:5)
    at async pullAdsbPoint (file:///workspace/.vercel/output/functions/__server.func/_ssr/live-DL4DXbFJ.mjs:513:16)
    at async Promise.all (index 6)
    at async pullFlights (file:///workspace/.vercel/output/functions/__server.func/_ssr/live-DL4DXbFJ.mjs:621:18)
    at async Promise.all (index 1)
    at async file:///workspace/.vercel/output/functions/__server.func/_ssr/live-DL4DXbFJ.mjs:687:71
    at async server (file:///workspace/.vercel/output/functions/__server.func/_ssr/ssr.mjs:383:20)
    at async callNextMiddleware (file:///workspace/.vercel/output/functions/__server.func/_ssr/ssr.mjs:311:20)
    at async AsyncFunction.__executeServer (file:///workspace/.vercel/output/functions/__server.func/_ssr/ssr.mjs:255:13)
[adsb] https://api.adsb.lol/v2/lat/24.2/lon/23.3/dist/300 Error: HTTP 429
    at fetchText (file:///workspace/.vercel/output/functions/__server.func/_ssr/live-DL4DXbFJ.mjs:358:22)
    at process.processTicksAndRejections (node:internal/process/task_queues:103:5)
    at async pullAdsbPoint (file:///workspace/.vercel/output/functions/__server.func/_ssr/live-DL4DXbFJ.mjs:513:16)
    at async Promise.all (index 7)
    at async pullFlights (file:///workspace/.vercel/output/functions/__server.func/_ssr/live-DL4DXbFJ.mjs:621:18)
    at async Promise.all (index 1)
    at async file:///workspace/.vercel/output/functions/__server.func/_ssr/live-DL4DXbFJ.mjs:687:71
    at async server (file:///workspace/.vercel/output/functions/__server.func/_ssr/ssr.mjs:383:20)
    at async callNextMiddleware (file:///workspace/.vercel/output/functions/__server.func/_ssr/ssr.mjs:311:20)
    at async AsyncFunction.__executeServer (file:///workspace/.vercel/output/functions/__server.func/_ssr/ssr.mjs:255:13)
[adsb] https://api.adsb.lol/v2/lat/24.45/lon/54.65/dist/220 Error: HTTP 429
    at fetchText (file:///workspace/.vercel/output/functions/__server.func/_ssr/live-DL4DXbFJ.mjs:358:22)
    at process.processTicksAndRejections (node:internal/process/task_queues:103:5)
    at async pullAdsbPoint (file:///workspace/.vercel/output/functions/__server.func/_ssr/live-DL4DXbFJ.mjs:513:16)
    at async Promise.all (index 9)
    at async pullFlights (file:///workspace/.vercel/output/functions/__server.func/_ssr/live-DL4DXbFJ.mjs:621:18)
    at async Promise.all (index 1)
    at async file:///workspace/.vercel/output/functions/__server.func/_ssr/live-DL4DXbFJ.mjs:687:71
    at async server (file:///workspace/.vercel/output/functions/__server.func/_ssr/ssr.mjs:383:20)
    at async callNextMiddleware (file:///workspace/.vercel/output/functions/__server.func/_ssr/ssr.mjs:311:20)
    at async AsyncFunction.__executeServer (file:///workspace/.vercel/output/functions/__server.func/_ssr/ssr.mjs:255:13)
[adsb] https://api.adsb.lol/v2/lat/12.1/lon/15/dist/260 Error: HTTP 429
    at fetchText (file:///workspace/.vercel/output/functions/__server.func/_ssr/live-DL4DXbFJ.mjs:358:22)
    at process.processTicksAndRejections (node:internal/process/task_queues:103:5)
    at async pullAdsbPoint (file:///workspace/.vercel/output/functions/__server.func/_ssr/live-DL4DXbFJ.mjs:513:16)
    at async Promise.all (index 8)
    at async pullFlights (file:///workspace/.vercel/output/functions/__server.func/_ssr/live-DL4DXbFJ.mjs:621:18)
    at async Promise.all (index 1)
    at async file:///workspace/.vercel/output/functions/__server.func/_ssr/live-DL4DXbFJ.mjs:687:71
    at async server (file:///workspace/.vercel/output/functions/__server.func/_ssr/ssr.mjs:383:20)
    at async callNextMiddleware (file:///workspace/.vercel/output/functions/__server.func/_ssr/ssr.mjs:311:20)
    at async AsyncFunction.__executeServer (file:///workspace/.vercel/output/functions/__server.func/_ssr/ssr.mjs:255:13)
[adsb] https://api.adsb.lol/v2/lat/30.1/lon/31.4/dist/280 Error: HTTP 429
    at fetchText (file:///workspace/.vercel/output/functions/__server.func/_ssr/live-DL4DXbFJ.mjs:358:22)
    at process.processTicksAndRejections (node:internal/process/task_queues:103:5)
    at async pullAdsbPoint (file:///workspace/.vercel/output/functions/__server.func/_ssr/live-DL4DXbFJ.mjs:513:16)
    at async Promise.all (index 6)
    at async pullFlights (file:///workspace/.vercel/output/functions/__server.func/_ssr/live-DL4DXbFJ.mjs:621:18)
    at async Promise.all (index 0)
    at async file:///workspace/.vercel/output/functions/__server.func/_ssr/live-DL4DXbFJ.mjs:731:30
    at async server (file:///workspace/.vercel/output/functions/__server.func/_ssr/ssr.mjs:383:20)
    at async callNextMiddleware (file:///workspace/.vercel/output/functions/__server.func/_ssr/ssr.mjs:311:20)
    at async AsyncFunction.__executeServer (file:///workspace/.vercel/output/functions/__server.func/_ssr/ssr.mjs:255:13)
[adsb] https://api.adsb.lol/v2/lat/24.45/lon/54.65/dist/220 Error: HTTP 429
    at fetchText (file:///workspace/.vercel/output/functions/__server.func/_ssr/live-DL4DXbFJ.mjs:358:22)
    at process.processTicksAndRejections (node:internal/process/task_queues:103:5)
    at async pullAdsbPoint (file:///workspace/.vercel/output/functions/__server.func/_ssr/live-DL4DXbFJ.mjs:513:16)
    at async Promise.all (index 9)
    at async pullFlights (file:///workspace/.vercel/output/functions/__server.func/_ssr/live-DL4DXbFJ.mjs:621:18)
    at async Promise.all (index 0)
    at async file:///workspace/.vercel/output/functions/__server.func/_ssr/live-DL4DXbFJ.mjs:731:30
    at async server (file:///workspace/.vercel/output/functions/__server.func/_ssr/ssr.mjs:383:20)
    at async callNextMiddleware (file:///workspace/.vercel/output/functions/__server.func/_ssr/ssr.mjs:311:20)
    at async AsyncFunction.__executeServer (file:///workspace/.vercel/output/functions/__server.func/_ssr/ssr.mjs:255:13)
[adsb] https://api.adsb.lol/v2/lat/13.07/lon/42.65/dist/220 Error: HTTP 429
    at fetchText (file:///workspace/.vercel/output/functions/__server.func/_ssr/live-DL4DXbFJ.mjs:358:22)
    at process.processTicksAndRejections (node:internal/process/task_queues:103:5)
    at async pullAdsbPoint (file:///workspace/.vercel/output/functions/__server.func/_ssr/live-DL4DXbFJ.mjs:513:16)
    at async Promise.all (index 12)
    at async pullFlights (file:///workspace/.vercel/output/functions/__server.func/_ssr/live-DL4DXbFJ.mjs:621:18)
    at async Promise.all (index 1)
    at async file:///workspace/.vercel/output/functions/__server.func/_ssr/live-DL4DXbFJ.mjs:687:71
    at async server (file:///workspace/.vercel/output/functions/__server.func/_ssr/ssr.mjs:383:20)
    at async callNextMiddleware (file:///workspace/.vercel/output/functions/__server.func/_ssr/ssr.mjs:311:20)
    at async AsyncFunction.__executeServer (file:///workspace/.vercel/output/functions/__server.func/_ssr/ssr.mjs:255:13)
[adsb] https://api.adsb.lol/v2/lat/29/lon/32.55/dist/200 Error: HTTP 429
    at fetchText (file:///workspace/.vercel/output/functions/__server.func/_ssr/live-DL4DXbFJ.mjs:358:22)
    at process.processTicksAndRejections (node:internal/process/task_queues:103:5)
    at async pullAdsbPoint (file:///workspace/.vercel/output/functions/__server.func/_ssr/live-DL4DXbFJ.mjs:513:16)
    at async Promise.all (index 14)
    at async pullFlights (file:///workspace/.vercel/output/functions/__server.func/_ssr/live-DL4DXbFJ.mjs:621:18)
    at async Promise.all (index 0)
    at async file:///workspace/.vercel/output/functions/__server.func/_ssr/live-DL4DXbFJ.mjs:731:30
    at async server (file:///workspace/.vercel/output/functions/__server.func/_ssr/ssr.mjs:383:20)
    at async callNextMiddleware (file:///workspace/.vercel/output/functions/__server.func/_ssr/ssr.mjs:311:20)
    at async AsyncFunction.__executeServer (file:///workspace/.vercel/output/functions/__server.func/_ssr/ssr.mjs:255:13)
[adsb] https://api.adsb.lol/v2/lat/13.6/lon/25.3/dist/380 Error: HTTP 429
    at fetchText (file:///workspace/.vercel/output/functions/__server.func/_ssr/live-DL4DXbFJ.mjs:358:22)
    at process.processTicksAndRejections (node:internal/process/task_queues:103:5)
    at async pullAdsbPoint (file:///workspace/.vercel/output/functions/__server.func/_ssr/live-DL4DXbFJ.mjs:513:16)
    at async Promise.all (index 1)
    at async pullFlights (file:///workspace/.vercel/output/functions/__server.func/_ssr/live-DL4DXbFJ.mjs:621:18)
    at async Promise.all (index 0)
    at async file:///workspace/.vercel/output/functions/__server.func/_ssr/live-DL4DXbFJ.mjs:731:30
    at async server (file:///workspace/.vercel/output/functions/__server.func/_ssr/ssr.mjs:383:20)
    at async callNextMiddleware (file:///workspace/.vercel/output/functions/__server.func/_ssr/ssr.mjs:311:20)
    at async AsyncFunction.__executeServer (file:///workspace/.vercel/output/functions/__server.func/_ssr/ssr.mjs:255:13)
[adsb] https://api.adsb.lol/v2/lat/21.5/lon/39.15/dist/260 Error: HTTP 429
    at fetchText (file:///workspace/.vercel/output/functions/__server.func/_ssr/live-DL4DXbFJ.mjs:358:22)
    at process.processTicksAndRejections (node:internal/process/task_queues:103:5)
    at async pullAdsbPoint (file:///workspace/.vercel/output/functions/__server.func/_ssr/live-DL4DXbFJ.mjs:513:16)
    at async Promise.all (index 13)
    at async pullFlights (file:///workspace/.vercel/output/functions/__server.func/_ssr/live-DL4DXbFJ.mjs:621:18)
    at async Promise.all (index 1)
    at async file:///workspace/.vercel/output/functions/__server.func/_ssr/live-DL4DXbFJ.mjs:687:71
    at async server (file:///workspace/.vercel/output/functions/__server.func/_ssr/ssr.mjs:383:20)
    at async callNextMiddleware (file:///workspace/.vercel/output/functions/__server.func/_ssr/ssr.mjs:311:20)
    at async AsyncFunction.__executeServer (file:///workspace/.vercel/output/functions/__server.func/_ssr/ssr.mjs:255:13)
[adsb] https://api.adsb.lol/v2/lat/24.2/lon/23.3/dist/300 Error: HTTP 429
    at fetchText (file:///workspace/.vercel/output/functions/__server.func/_ssr/live-DL4DXbFJ.mjs:358:22)
    at process.processTicksAndRejections (node:internal/process/task_queues:103:5)
    at async pullAdsbPoint (file:///workspace/.vercel/output/functions/__server.func/_ssr/live-DL4DXbFJ.mjs:513:16)
    at async Promise.all (index 7)
    at async pullFlights (file:///workspace/.vercel/output/functions/__server.func/_ssr/live-DL4DXbFJ.mjs:621:18)
    at async Promise.all (index 0)
    at async file:///workspace/.vercel/output/functions/__server.func/_ssr/live-DL4DXbFJ.mjs:731:30
    at async server (file:///workspace/.vercel/output/functions/__server.func/_ssr/ssr.mjs:383:20)
    at async callNextMiddleware (file:///workspace/.vercel/output/functions/__server.func/_ssr/ssr.mjs:311:20)
    at async AsyncFunction.__executeServer (file:///workspace/.vercel/output/functions/__server.func/_ssr/ssr.mjs:255:13)
[adsb] https://api.adsb.lol/v2/lat/10.4/lon/44.94/dist/220 Error: HTTP 429
    at fetchText (file:///workspace/.vercel/output/functions/__server.func/_ssr/live-DL4DXbFJ.mjs:358:22)
    at process.processTicksAndRejections (node:internal/process/task_queues:103:5)
    at async pullAdsbPoint (file:///workspace/.vercel/output/functions/__server.func/_ssr/live-DL4DXbFJ.mjs:513:16)
    at async Promise.all (index 11)
    at async pullFlights (file:///workspace/.vercel/output/functions/__server.func/_ssr/live-DL4DXbFJ.mjs:621:18)
    at async Promise.all (index 0)
    at async file:///workspace/.vercel/output/functions/__server.func/_ssr/live-DL4DXbFJ.mjs:731:30
    at async server (file:///workspace/.vercel/output/functions/__server.func/_ssr/ssr.mjs:383:20)
    at async callNextMiddleware (file:///workspace/.vercel/output/functions/__server.func/_ssr/ssr.mjs:311:20)
    at async AsyncFunction.__executeServer (file:///workspace/.vercel/output/functions/__server.func/_ssr/ssr.mjs:255:13)
[adsb] https://api.adsb.lol/v2/lat/21.5/lon/39.15/dist/260 Error: HTTP 429
    at fetchText (file:///workspace/.vercel/output/functions/__server.func/_ssr/live-DL4DXbFJ.mjs:358:22)
    at process.processTicksAndRejections (node:internal/process/task_queues:103:5)
    at async pullAdsbPoint (file:///workspace/.vercel/output/functions/__server.func/_ssr/live-DL4DXbFJ.mjs:513:16)
    at async Promise.all (index 13)
    at async pullFlights (file:///workspace/.vercel/output/functions/__server.func/_ssr/live-DL4DXbFJ.mjs:621:18)
    at async Promise.all (index 0)
    at async file:///workspace/.vercel/output/functions/__server.func/_ssr/live-DL4DXbFJ.mjs:731:30
    at async server (file:///workspace/.vercel/output/functions/__server.func/_ssr/ssr.mjs:383:20)
    at async callNextMiddleware (file:///workspace/.vercel/output/functions/__server.func/_ssr/ssr.mjs:311:20)
    at async AsyncFunction.__executeServer (file:///workspace/.vercel/output/functions/__server.func/_ssr/ssr.mjs:255:13)
[adsb] https://api.adsb.lol/v2/lat/19.5/lon/37.2/dist/320 Error: HTTP 429
    at fetchText (file:///workspace/.vercel/output/functions/__server.func/_ssr/live-DL4DXbFJ.mjs:358:22)
    at process.processTicksAndRejections (node:internal/process/task_queues:103:5)
    at async pullAdsbPoint (file:///workspace/.vercel/output/functions/__server.func/_ssr/live-DL4DXbFJ.mjs:513:16)
    at async Promise.all (index 2)
    at async pullFlights (file:///workspace/.vercel/output/functions/__server.func/_ssr/live-DL4DXbFJ.mjs:621:18)
    at async Promise.all (index 0)
    at async file:///workspace/.vercel/output/functions/__server.func/_ssr/live-DL4DXbFJ.mjs:731:30
    at async server (file:///workspace/.vercel/output/functions/__server.func/_ssr/ssr.mjs:383:20)
    at async callNextMiddleware (file:///workspace/.vercel/output/functions/__server.func/_ssr/ssr.mjs:311:20)
    at async AsyncFunction.__executeServer (file:///workspace/.vercel/output/functions/__server.func/_ssr/ssr.mjs:255:13)
[adsb] https://api.adsb.lol/v2/lat/13.07/lon/42.65/dist/220 Error: HTTP 429
    at fetchText (file:///workspace/.vercel/output/functions/__server.func/_ssr/live-DL4DXbFJ.mjs:358:22)
    at process.processTicksAndRejections (node:internal/process/task_queues:103:5)
    at async pullAdsbPoint (file:///workspace/.vercel/output/functions/__server.func/_ssr/live-DL4DXbFJ.mjs:513:16)
    at async Promise.all (index 12)
    at async pullFlights (file:///workspace/.vercel/output/functions/__server.func/_ssr/live-DL4DXbFJ.mjs:621:18)
    at async Promise.all (index 0)
    at async file:///workspace/.vercel/output/functions/__server.func/_ssr/live-DL4DXbFJ.mjs:731:30
    at async server (file:///workspace/.vercel/output/functions/__server.func/_ssr/ssr.mjs:383:20)
    at async callNextMiddleware (file:///workspace/.vercel/output/functions/__server.func/_ssr/ssr.mjs:311:20)
    at async AsyncFunction.__executeServer (file:///workspace/.vercel/output/functions/__server.func/_ssr/ssr.mjs:255:13)
[adsb] https://api.adsb.lol/v2/lat/14/lon/35.4/dist/280 Error: HTTP 429
    at fetchText (file:///workspace/.vercel/output/functions/__server.func/_ssr/live-DL4DXbFJ.mjs:358:22)
    at process.processTicksAndRejections (node:internal/process/task_queues:103:5)
    at async pullAdsbPoint (file:///workspace/.vercel/output/functions/__server.func/_ssr/live-DL4DXbFJ.mjs:513:16)
    at async Promise.all (index 3)
    at async pullFlights (file:///workspace/.vercel/output/functions/__server.func/_ssr/live-DL4DXbFJ.mjs:621:18)
    at async Promise.all (index 0)
    at async file:///workspace/.vercel/output/functions/__server.func/_ssr/live-DL4DXbFJ.mjs:731:30
    at async server (file:///workspace/.vercel/output/functions/__server.func/_ssr/ssr.mjs:383:20)
    at async callNextMiddleware (file:///workspace/.vercel/output/functions/__server.func/_ssr/ssr.mjs:311:20)
    at async AsyncFunction.__executeServer (file:///workspace/.vercel/output/functions/__server.func/_ssr/ssr.mjs:255:13)
[adsb] https://api.adsb.lol/v2/lat/12.05/lon/24.88/dist/280 Error: HTTP 429
    at fetchText (file:///workspace/.vercel/output/functions/__server.func/_ssr/live-DL4DXbFJ.mjs:358:22)
    at process.processTicksAndRejections (node:internal/process/task_queues:103:5)
    at async pullAdsbPoint (file:///workspace/.vercel/output/functions/__server.func/_ssr/live-DL4DXbFJ.mjs:513:16)
    at async Promise.all (index 4)
    at async pullFlights (file:///workspace/.vercel/output/functions/__server.func/_ssr/live-DL4DXbFJ.mjs:621:18)
    at async Promise.all (index 0)
    at async file:///workspace/.vercel/output/functions/__server.func/_ssr/live-DL4DXbFJ.mjs:731:30
    at async server (file:///workspace/.vercel/output/functions/__server.func/_ssr/ssr.mjs:383:20)
    at async callNextMiddleware (file:///workspace/.vercel/output/functions/__server.func/_ssr/ssr.mjs:311:20)
    at async AsyncFunction.__executeServer (file:///workspace/.vercel/output/functions/__server.func/_ssr/ssr.mjs:255:13)
[adsb] https://api.adsb.lol/v2/lat/12.1/lon/15/dist/260 Error: HTTP 429
    at fetchText (file:///workspace/.vercel/output/functions/__server.func/_ssr/live-DL4DXbFJ.mjs:358:22)
    at process.processTicksAndRejections (node:internal/process/task_queues:103:5)
    at async pullAdsbPoint (file:///workspace/.vercel/output/functions/__server.func/_ssr/live-DL4DXbFJ.mjs:513:16)
    at async Promise.all (index 8)
    at async pullFlights (file:///workspace/.vercel/output/functions/__server.func/_ssr/live-DL4DXbFJ.mjs:621:18)
    at async Promise.all (index 0)
    at async file:///workspace/.vercel/output/functions/__server.func/_ssr/live-DL4DXbFJ.mjs:731:30
    at async server (file:///workspace/.vercel/output/functions/__server.func/_ssr/ssr.mjs:383:20)
    at async callNextMiddleware (file:///workspace/.vercel/output/functions/__server.func/_ssr/ssr.mjs:311:20)
    at async AsyncFunction.__executeServer (file:///workspace/.vercel/output/functions/__server.func/_ssr/ssr.mjs:255:13)
[adsb] https://opendata.adsb.fi/api/v2/lat/15.6/lon/32.5/dist/380 Error: HTTP 400
    at fetchText (file:///workspace/.vercel/output/functions/__server.func/_ssr/live-DL4DXbFJ.mjs:358:22)
    at process.processTicksAndRejections (node:internal/process/task_queues:103:5)
    at async pullAdsbPoint (file:///workspace/.vercel/output/functions/__server.func/_ssr/live-DL4DXbFJ.mjs:513:16)
    at async Promise.all (index 0)
    at async pullFlights (file:///workspace/.vercel/output/functions/__server.func/_ssr/live-DL4DXbFJ.mjs:621:18)
    at async Promise.all (index 0)
    at async file:///workspace/.vercel/output/functions/__server.func/_ssr/live-DL4DXbFJ.mjs:731:30
    at async server (file:///workspace/.vercel/output/functions/__server.func/_ssr/ssr.mjs:383:20)
    at async callNextMiddleware (file:///workspace/.vercel/output/functions/__server.func/_ssr/ssr.mjs:311:20)
    at async AsyncFunction.__executeServer (file:///workspace/.vercel/output/functions/__server.func/_ssr/ssr.mjs:255:13)
[overpass] 20 9.5 TypeError: fetch failed
    at node:internal/deps/undici/undici:15157:13
    at process.processTicksAndRejections (node:internal/process/task_queues:103:5)
    at async pullOsmLive (file:///workspace/.vercel/output/functions/__server.func/_ssr/live-DL4DXbFJ.mjs:133:16)
    at async file:///workspace/.vercel/output/functions/__server.func/_ssr/live-DL4DXbFJ.mjs:183:17
    at async Promise.all (index 5)
    at async file:///workspace/.vercel/output/functions/__server.func/_ssr/live-DL4DXbFJ.mjs:687:71
    at async server (file:///workspace/.vercel/output/functions/__server.func/_ssr/ssr.mjs:383:20)
    at async callNextMiddleware (file:///workspace/.vercel/output/functions/__server.func/_ssr/ssr.mjs:311:20)
    at async AsyncFunction.__executeServer (file:///workspace/.vercel/output/functions/__server.func/_ssr/ssr.mjs:255:13)
    at async file:///workspace/.vercel/output/functions/__server.func/_ssr/ssr.mjs:676:13 {
  [cause]: AggregateError [ETIMEDOUT]: 
      at internalConnectMultiple (node:net:1135:18)
      at afterConnectMultiple (node:net:1716:7)
      at TCPConnectWrap.callbackTrampoline (node:internal/async_hooks:130:17) {
    code: 'ETIMEDOUT',
    [errors]: [ [Error], [Error] ]
  }
}
[adsb] https://opendata.adsb.fi/api/v2/lat/12.05/lon/24.88/dist/280 Error: HTTP 429
    at fetchText (file:///workspace/.vercel/output/functions/__server.func/_ssr/live-DL4DXbFJ.mjs:358:22)
    at process.processTicksAndRejections (node:internal/process/task_queues:103:5)
    at async pullAdsbPoint (file:///workspace/.vercel/output/functions/__server.func/_ssr/live-DL4DXbFJ.mjs:513:16)
    at async Promise.all (index 4)
    at async pullFlights (file:///workspace/.vercel/output/functions/__server.func/_ssr/live-DL4DXbFJ.mjs:621:18)
    at async Promise.all (index 1)
    at async file:///workspace/.vercel/output/functions/__server.func/_ssr/live-DL4DXbFJ.mjs:687:71
    at async server (file:///workspace/.vercel/output/functions/__server.func/_ssr/ssr.mjs:383:20)
    at async callNextMiddleware (file:///workspace/.vercel/output/functions/__server.func/_ssr/ssr.mjs:311:20)
    at async AsyncFunction.__executeServer (file:///workspace/.vercel/output/functions/__server.func/_ssr/ssr.mjs:255:13)
[adsb] https://opendata.adsb.fi/api/v2/lat/30.1/lon/31.4/dist/280 Error: HTTP 429
    at fetchText (file:///workspace/.vercel/output/functions/__server.func/_ssr/live-DL4DXbFJ.mjs:358:22)
    at process.processTicksAndRejections (node:internal/process/task_queues:103:5)
    at async pullAdsbPoint (file:///workspace/.vercel/output/functions/__server.func/_ssr/live-DL4DXbFJ.mjs:513:16)
    at async Promise.all (index 6)
    at async pullFlights (file:///workspace/.vercel/output/functions/__server.func/_ssr/live-DL4DXbFJ.mjs:621:18)
    at async Promise.all (index 1)
    at async file:///workspace/.vercel/output/functions/__server.func/_ssr/live-DL4DXbFJ.mjs:687:71
    at async server (file:///workspace/.vercel/output/functions/__server.func/_ssr/ssr.mjs:383:20)
    at async callNextMiddleware (file:///workspace/.vercel/output/functions/__server.func/_ssr/ssr.mjs:311:20)
    at async AsyncFunction.__executeServer (file:///workspace/.vercel/output/functions/__server.func/_ssr/ssr.mjs:255:13)
[adsb] https://opendata.adsb.fi/api/v2/lat/13.07/lon/42.65/dist/220 Error: HTTP 429
    at fetchText (file:///workspace/.vercel/output/functions/__server.func/_ssr/live-DL4DXbFJ.mjs:358:22)
    at process.processTicksAndRejections (node:internal/process/task_queues:103:5)
    at async pullAdsbPoint (file:///workspace/.vercel/output/functions/__server.func/_ssr/live-DL4DXbFJ.mjs:513:16)
    at async Promise.all (index 12)
    at async pullFlights (file:///workspace/.vercel/output/functions/__server.func/_ssr/live-DL4DXbFJ.mjs:621:18)
    at async Promise.all (index 1)
    at async file:///workspace/.vercel/output/functions/__server.func/_ssr/live-DL4DXbFJ.mjs:687:71
    at async server (file:///workspace/.vercel/output/functions/__server.func/_ssr/ssr.mjs:383:20)
    at async callNextMiddleware (file:///workspace/.vercel/output/functions/__server.func/_ssr/ssr.mjs:311:20)
    at async AsyncFunction.__executeServer (file:///workspace/.vercel/output/functions/__server.func/_ssr/ssr.mjs:255:13)
[adsb] https://opendata.adsb.fi/api/v2/lat/29/lon/32.55/dist/200 Error: HTTP 429
    at fetchText (file:///workspace/.vercel/output/functions/__server.func/_ssr/live-DL4DXbFJ.mjs:358:22)
    at process.processTicksAndRejections (node:internal/process/task_queues:103:5)
    at async pullAdsbPoint (file:///workspace/.vercel/output/functions/__server.func/_ssr/live-DL4DXbFJ.mjs:513:16)
    at async Promise.all (index 14)
    at async pullFlights (file:///workspace/.vercel/output/functions/__server.func/_ssr/live-DL4DXbFJ.mjs:621:18)
    at async Promise.all (index 0)
    at async file:///workspace/.vercel/output/functions/__server.func/_ssr/live-DL4DXbFJ.mjs:731:30
    at async server (file:///workspace/.vercel/output/functions/__server.func/_ssr/ssr.mjs:383:20)
    at async callNextMiddleware (file:///workspace/.vercel/output/functions/__server.func/_ssr/ssr.mjs:311:20)
    at async AsyncFunction.__executeServer (file:///workspace/.vercel/output/functions/__server.func/_ssr/ssr.mjs:255:13)
[adsb] https://opendata.adsb.fi/api/v2/lat/13.6/lon/25.3/dist/380 Error: HTTP 429
    at fetchText (file:///workspace/.vercel/output/functions/__server.func/_ssr/live-DL4DXbFJ.mjs:358:22)
    at process.processTicksAndRejections (node:internal/process/task_queues:103:5)
    at async pullAdsbPoint (file:///workspace/.vercel/output/functions/__server.func/_ssr/live-DL4DXbFJ.mjs:513:16)
    at async Promise.all (index 1)
    at async pullFlights (file:///workspace/.vercel/output/functions/__server.func/_ssr/live-DL4DXbFJ.mjs:621:18)
    at async Promise.all (index 0)
    at async file:///workspace/.vercel/output/functions/__server.func/_ssr/live-DL4DXbFJ.mjs:731:30
    at async server (file:///workspace/.vercel/output/functions/__server.func/_ssr/ssr.mjs:383:20)
    at async callNextMiddleware (file:///workspace/.vercel/output/functions/__server.func/_ssr/ssr.mjs:311:20)
    at async AsyncFunction.__executeServer (file:///workspace/.vercel/output/functions/__server.func/_ssr/ssr.mjs:255:13)
[adsb] https://opendata.adsb.fi/api/v2/lat/21.5/lon/39.15/dist/260 Error: HTTP 429
    at fetchText (file:///workspace/.vercel/output/functions/__server.func/_ssr/live-DL4DXbFJ.mjs:358:22)
    at process.processTicksAndRejections (node:internal/process/task_queues:103:5)
    at async pullAdsbPoint (file:///workspace/.vercel/output/functions/__server.func/_ssr/live-DL4DXbFJ.mjs:513:16)
    at async Promise.all (index 13)
    at async pullFlights (file:///workspace/.vercel/output/functions/__server.func/_ssr/live-DL4DXbFJ.mjs:621:18)
    at async Promise.all (index 1)
    at async file:///workspace/.vercel/output/functions/__server.func/_ssr/live-DL4DXbFJ.mjs:687:71
    at async server (file:///workspace/.vercel/output/functions/__server.func/_ssr/ssr.mjs:383:20)
    at async callNextMiddleware (file:///workspace/.vercel/output/functions/__server.func/_ssr/ssr.mjs:311:20)
    at async AsyncFunction.__executeServer (file:///workspace/.vercel/output/functions/__server.func/_ssr/ssr.mjs:255:13)
[adsb] https://opendata.adsb.fi/api/v2/lat/24.2/lon/23.3/dist/300 Error: HTTP 429
    at fetchText (file:///workspace/.vercel/output/functions/__server.func/_ssr/live-DL4DXbFJ.mjs:358:22)
    at process.processTicksAndRejections (node:internal/process/task_queues:103:5)
    at async pullAdsbPoint (file:///workspace/.vercel/output/functions/__server.func/_ssr/live-DL4DXbFJ.mjs:513:16)
    at async Promise.all (index 7)
    at async pullFlights (file:///workspace/.vercel/output/functions/__server.func/_ssr/live-DL4DXbFJ.mjs:621:18)
    at async Promise.all (index 0)
    at async file:///workspace/.vercel/output/functions/__server.func/_ssr/live-DL4DXbFJ.mjs:731:30
    at async server (file:///workspace/.vercel/output/functions/__server.func/_ssr/ssr.mjs:383:20)
    at async callNextMiddleware (file:///workspace/.vercel/output/functions/__server.func/_ssr/ssr.mjs:311:20)
    at async AsyncFunction.__executeServer (file:///workspace/.vercel/output/functions/__server.func/_ssr/ssr.mjs:255:13)
[adsb] https://opendata.adsb.fi/api/v2/lat/19.5/lon/37.2/dist/320 Error: HTTP 429
    at fetchText (file:///workspace/.vercel/output/functions/__server.func/_ssr/live-DL4DXbFJ.mjs:358:22)
    at process.processTicksAndRejections (node:internal/process/task_queues:103:5)
    at async pullAdsbPoint (file:///workspace/.vercel/output/functions/__server.func/_ssr/live-DL4DXbFJ.mjs:513:16)
    at async Promise.all (index 2)
    at async pullFlights (file:///workspace/.vercel/output/functions/__server.func/_ssr/live-DL4DXbFJ.mjs:621:18)
    at async Promise.all (index 0)
    at async file:///workspace/.vercel/output/functions/__server.func/_ssr/live-DL4DXbFJ.mjs:731:30
    at async server (file:///workspace/.vercel/output/functions/__server.func/_ssr/ssr.mjs:383:20)
    at async callNextMiddleware (file:///workspace/.vercel/output/functions/__server.func/_ssr/ssr.mjs:311:20)
    at async AsyncFunction.__executeServer (file:///workspace/.vercel/output/functions/__server.func/_ssr/ssr.mjs:255:13)
[adsb] https://opendata.adsb.fi/api/v2/lat/21.5/lon/39.15/dist/260 Error: HTTP 429
    at fetchText (file:///workspace/.vercel/output/functions/__server.func/_ssr/live-DL4DXbFJ.mjs:358:22)
    at process.processTicksAndRejections (node:internal/process/task_queues:103:5)
    at async pullAdsbPoint (file:///workspace/.vercel/output/functions/__server.func/_ssr/live-DL4DXbFJ.mjs:513:16)
    at async Promise.all (index 13)
    at async pullFlights (file:///workspace/.vercel/output/functions/__server.func/_ssr/live-DL4DXbFJ.mjs:621:18)
    at async Promise.all (index 0)
    at async file:///workspace/.vercel/output/functions/__server.func/_ssr/live-DL4DXbFJ.mjs:731:30
    at async server (file:///workspace/.vercel/output/functions/__server.func/_ssr/ssr.mjs:383:20)
    at async callNextMiddleware (file:///workspace/.vercel/output/functions/__server.func/_ssr/ssr.mjs:311:20)
    at async AsyncFunction.__executeServer (file:///workspace/.vercel/output/functions/__server.func/_ssr/ssr.mjs:255:13)
[adsb] https://opendata.adsb.fi/api/v2/lat/30.1/lon/31.4/dist/280 Error: HTTP 429
    at fetchText (file:///workspace/.vercel/output/functions/__server.func/_ssr/live-DL4DXbFJ.mjs:358:22)
    at process.processTicksAndRejections (node:internal/process/task_queues:103:5)
    at async pullAdsbPoint (file:///workspace/.vercel/output/functions/__server.func/_ssr/live-DL4DXbFJ.mjs:513:16)
    at async Promise.all (index 6)
    at async pullFlights (file:///workspace/.vercel/output/functions/__server.func/_ssr/live-DL4DXbFJ.mjs:621:18)
    at async Promise.all (index 0)
    at async file:///workspace/.vercel/output/functions/__server.func/_ssr/live-DL4DXbFJ.mjs:731:30
    at async server (file:///workspace/.vercel/output/functions/__server.func/_ssr/ssr.mjs:383:20)
    at async callNextMiddleware (file:///workspace/.vercel/output/functions/__server.func/_ssr/ssr.mjs:311:20)
    at async AsyncFunction.__executeServer (file:///workspace/.vercel/output/functions/__server.func/_ssr/ssr.mjs:255:13)
[adsb] https://opendata.adsb.fi/api/v2/lat/24.2/lon/23.3/dist/300 Error: HTTP 429
    at fetchText (file:///workspace/.vercel/output/functions/__server.func/_ssr/live-DL4DXbFJ.mjs:358:22)
    at process.processTicksAndRejections (node:internal/process/task_queues:103:5)
    at async pullAdsbPoint (file:///workspace/.vercel/output/functions/__server.func/_ssr/live-DL4DXbFJ.mjs:513:16)
    at async Promise.all (index 7)
    at async pullFlights (file:///workspace/.vercel/output/functions/__server.func/_ssr/live-DL4DXbFJ.mjs:621:18)
    at async Promise.all (index 1)
    at async file:///workspace/.vercel/output/functions/__server.func/_ssr/live-DL4DXbFJ.mjs:687:71
    at async server (file:///workspace/.vercel/output/functions/__server.func/_ssr/ssr.mjs:383:20)
    at async callNextMiddleware (file:///workspace/.vercel/output/functions/__server.func/_ssr/ssr.mjs:311:20)
    at async AsyncFunction.__executeServer (file:///workspace/.vercel/output/functions/__server.func/_ssr/ssr.mjs:255:13)
[adsb] https://opendata.adsb.fi/api/v2/lat/24.45/lon/54.65/dist/220 Error: HTTP 429
    at fetchText (file:///workspace/.vercel/output/functions/__server.func/_ssr/live-DL4DXbFJ.mjs:358:22)
    at process.processTicksAndRejections (node:internal/process/task_queues:103:5)
    at async pullAdsbPoint (file:///workspace/.vercel/output/functions/__server.func/_ssr/live-DL4DXbFJ.mjs:513:16)
    at async Promise.all (index 9)
    at async pullFlights (file:///workspace/.vercel/output/functions/__server.func/_ssr/live-DL4DXbFJ.mjs:621:18)
    at async Promise.all (index 0)
    at async file:///workspace/.vercel/output/functions/__server.func/_ssr/live-DL4DXbFJ.mjs:731:30
    at async server (file:///workspace/.vercel/output/functions/__server.func/_ssr/ssr.mjs:383:20)
    at async callNextMiddleware (file:///workspace/.vercel/output/functions/__server.func/_ssr/ssr.mjs:311:20)
    at async AsyncFunction.__executeServer (file:///workspace/.vercel/output/functions/__server.func/_ssr/ssr.mjs:255:13)
[adsb] https://opendata.adsb.fi/api/v2/lat/24.45/lon/54.65/dist/220 Error: HTTP 429
    at fetchText (file:///workspace/.vercel/output/functions/__server.func/_ssr/live-DL4DXbFJ.mjs:358:22)
    at process.processTicksAndRejections (node:internal/process/task_queues:103:5)
    at async pullAdsbPoint (file:///workspace/.vercel/output/functions/__server.func/_ssr/live-DL4DXbFJ.mjs:513:16)
    at async Promise.all (index 9)
    at async pullFlights (file:///workspace/.vercel/output/functions/__server.func/_ssr/live-DL4DXbFJ.mjs:621:18)
    at async Promise.all (index 1)
    at async file:///workspace/.vercel/output/functions/__server.func/_ssr/live-DL4DXbFJ.mjs:687:71
    at async server (file:///workspace/.vercel/output/functions/__server.func/_ssr/ssr.mjs:383:20)
    at async callNextMiddleware (file:///workspace/.vercel/output/functions/__server.func/_ssr/ssr.mjs:311:20)
    at async AsyncFunction.__executeServer (file:///workspace/.vercel/output/functions/__server.func/_ssr/ssr.mjs:255:13)
[adsb] https://opendata.adsb.fi/api/v2/lat/12.1/lon/15/dist/260 Error: HTTP 429
    at fetchText (file:///workspace/.vercel/output/functions/__server.func/_ssr/live-DL4DXbFJ.mjs:358:22)
    at process.processTicksAndRejections (node:internal/process/task_queues:103:5)
    at async pullAdsbPoint (file:///workspace/.vercel/output/functions/__server.func/_ssr/live-DL4DXbFJ.mjs:513:16)
    at async Promise.all (index 8)
    at async pullFlights (file:///workspace/.vercel/output/functions/__server.func/_ssr/live-DL4DXbFJ.mjs:621:18)
    at async Promise.all (index 1)
    at async file:///workspace/.vercel/output/functions/__server.func/_ssr/live-DL4DXbFJ.mjs:687:71
    at async server (file:///workspace/.vercel/output/functions/__server.func/_ssr/ssr.mjs:383:20)
    at async callNextMiddleware (file:///workspace/.vercel/output/functions/__server.func/_ssr/ssr.mjs:311:20)
    at async AsyncFunction.__executeServer (file:///workspace/.vercel/output/functions/__server.func/_ssr/ssr.mjs:255:13)
[adsb] https://opendata.adsb.fi/api/v2/lat/10.4/lon/44.94/dist/220 Error: HTTP 429
    at fetchText (file:///workspace/.vercel/output/functions/__server.func/_ssr/live-DL4DXbFJ.mjs:358:22)
    at process.processTicksAndRejections (node:internal/process/task_queues:103:5)
    at async pullAdsbPoint (file:///workspace/.vercel/output/functions/__server.func/_ssr/live-DL4DXbFJ.mjs:513:16)
    at async Promise.all (index 11)
    at async pullFlights (file:///workspace/.vercel/output/functions/__server.func/_ssr/live-DL4DXbFJ.mjs:621:18)
    at async Promise.all (index 0)
    at async file:///workspace/.vercel/output/functions/__server.func/_ssr/live-DL4DXbFJ.mjs:731:30
    at async server (file:///workspace/.vercel/output/functions/__server.func/_ssr/ssr.mjs:383:20)
    at async callNextMiddleware (file:///workspace/.vercel/output/functions/__server.func/_ssr/ssr.mjs:311:20)
    at async AsyncFunction.__executeServer (file:///workspace/.vercel/output/functions/__server.func/_ssr/ssr.mjs:255:13)
[adsb] https://opendata.adsb.fi/api/v2/lat/13.07/lon/42.65/dist/220 Error: HTTP 429
    at fetchText (file:///workspace/.vercel/output/functions/__server.func/_ssr/live-DL4DXbFJ.mjs:358:22)
    at process.processTicksAndRejections (node:internal/process/task_queues:103:5)
    at async pullAdsbPoint (file:///workspace/.vercel/output/functions/__server.func/_ssr/live-DL4DXbFJ.mjs:513:16)
    at async Promise.all (index 12)
    at async pullFlights (file:///workspace/.vercel/output/functions/__server.func/_ssr/live-DL4DXbFJ.mjs:621:18)
    at async Promise.all (index 0)
    at async file:///workspace/.vercel/output/functions/__server.func/_ssr/live-DL4DXbFJ.mjs:731:30
    at async server (file:///workspace/.vercel/output/functions/__server.func/_ssr/ssr.mjs:383:20)
    at async callNextMiddleware (file:///workspace/.vercel/output/functions/__server.func/_ssr/ssr.mjs:311:20)
    at async AsyncFunction.__executeServer (file:///workspace/.vercel/output/functions/__server.func/_ssr/ssr.mjs:255:13)
[adsb] https://opendata.adsb.fi/api/v2/lat/14/lon/35.4/dist/280 Error: HTTP 429
    at fetchText (file:///workspace/.vercel/output/functions/__server.func/_ssr/live-DL4DXbFJ.mjs:358:22)
    at process.processTicksAndRejections (node:internal/process/task_queues:103:5)
    at async pullAdsbPoint (file:///workspace/.vercel/output/functions/__server.func/_ssr/live-DL4DXbFJ.mjs:513:16)
    at async Promise.all (index 3)
    at async pullFlights (file:///workspace/.vercel/output/functions/__server.func/_ssr/live-DL4DXbFJ.mjs:621:18)
    at async Promise.all (index 0)
    at async file:///workspace/.vercel/output/functions/__server.func/_ssr/live-DL4DXbFJ.mjs:731:30
    at async server (file:///workspace/.vercel/output/functions/__server.func/_ssr/ssr.mjs:383:20)
    at async callNextMiddleware (file:///workspace/.vercel/output/functions/__server.func/_ssr/ssr.mjs:311:20)
    at async AsyncFunction.__executeServer (file:///workspace/.vercel/output/functions/__server.func/_ssr/ssr.mjs:255:13)
[adsb] https://opendata.adsb.fi/api/v2/lat/12.05/lon/24.88/dist/280 Error: HTTP 429
    at fetchText (file:///workspace/.vercel/output/functions/__server.func/_ssr/live-DL4DXbFJ.mjs:358:22)
    at process.processTicksAndRejections (node:internal/process/task_queues:103:5)
    at async pullAdsbPoint (file:///workspace/.vercel/output/functions/__server.func/_ssr/live-DL4DXbFJ.mjs:513:16)
    at async Promise.all (index 4)
    at async pullFlights (file:///workspace/.vercel/output/functions/__server.func/_ssr/live-DL4DXbFJ.mjs:621:18)
    at async Promise.all (index 0)
    at async file:///workspace/.vercel/output/functions/__server.func/_ssr/live-DL4DXbFJ.mjs:731:30
    at async server (file:///workspace/.vercel/output/functions/__server.func/_ssr/ssr.mjs:383:20)
    at async callNextMiddleware (file:///workspace/.vercel/output/functions/__server.func/_ssr/ssr.mjs:311:20)
    at async AsyncFunction.__executeServer (file:///workspace/.vercel/output/functions/__server.func/_ssr/ssr.mjs:255:13)
[adsb] https://opendata.adsb.fi/api/v2/lat/12.1/lon/15/dist/260 Error: HTTP 429
    at fetchText (file:///workspace/.vercel/output/functions/__server.func/_ssr/live-DL4DXbFJ.mjs:358:22)
    at process.processTicksAndRejections (node:internal/process/task_queues:103:5)
    at async pullAdsbPoint (file:///workspace/.vercel/output/functions/__server.func/_ssr/live-DL4DXbFJ.mjs:513:16)
    at async Promise.all (index 8)
    at async pullFlights (file:///workspace/.vercel/output/functions/__server.func/_ssr/live-DL4DXbFJ.mjs:621:18)
    at async Promise.all (index 0)
    at async file:///workspace/.vercel/output/functions/__server.func/_ssr/live-DL4DXbFJ.mjs:731:30
    at async server (file:///workspace/.vercel/output/functions/__server.func/_ssr/ssr.mjs:383:20)
    at async callNextMiddleware (file:///workspace/.vercel/output/functions/__server.func/_ssr/ssr.mjs:311:20)
    at async AsyncFunction.__executeServer (file:///workspace/.vercel/output/functions/__server.func/_ssr/ssr.mjs:255:13)
[overpass] -1 41 TypeError: fetch failed
    at node:internal/deps/undici/undici:15157:13
    at process.processTicksAndRejections (node:internal/process/task_queues:103:5)
    at async pullOsmLive (file:///workspace/.vercel/output/functions/__server.func/_ssr/live-DL4DXbFJ.mjs:133:16)
    at async file:///workspace/.vercel/output/functions/__server.func/_ssr/live-DL4DXbFJ.mjs:183:17
    at async Promise.all (index 5)
    at async file:///workspace/.vercel/output/functions/__server.func/_ssr/live-DL4DXbFJ.mjs:687:71
    at async server (file:///workspace/.vercel/output/functions/__server.func/_ssr/ssr.mjs:383:20)
    at async callNextMiddleware (file:///workspace/.vercel/output/functions/__server.func/_ssr/ssr.mjs:311:20)
    at async AsyncFunction.__executeServer (file:///workspace/.vercel/output/functions/__server.func/_ssr/ssr.mjs:255:13)
    at async file:///workspace/.vercel/output/functions/__server.func/_ssr/ssr.mjs:676:13 {
  [cause]: AggregateError [ECONNREFUSED]: 
      at internalConnectMultiple (node:net:1135:18)
      at afterConnectMultiple (node:net:1716:7)
      at TCPConnectWrap.callbackTrampoline (node:internal/async_hooks:130:17) {
    code: 'ECONNREFUSED',
    [errors]: [ [Error], [Error] ]
  }
}
[overpass] 22.4 51.5 TypeError: fetch failed
    at node:internal/deps/undici/undici:15157:13
    at process.processTicksAndRejections (node:internal/process/task_queues:103:5)
    at async pullOsmLive (file:///workspace/.vercel/output/functions/__server.func/_ssr/live-DL4DXbFJ.mjs:133:16)
    at async file:///workspace/.vercel/output/functions/__server.func/_ssr/live-DL4DXbFJ.mjs:183:17
    at async Promise.all (index 5)
    at async file:///workspace/.vercel/output/functions/__server.func/_ssr/live-DL4DXbFJ.mjs:687:71
    at async server (file:///workspace/.vercel/output/functions/__server.func/_ssr/ssr.mjs:383:20)
    at async callNextMiddleware (file:///workspace/.vercel/output/functions/__server.func/_ssr/ssr.mjs:311:20)
    at async AsyncFunction.__executeServer (file:///workspace/.vercel/output/functions/__server.func/_ssr/ssr.mjs:255:13)
    at async file:///workspace/.vercel/output/functions/__server.func/_ssr/ssr.mjs:676:13 {
  [cause]: AggregateError [ECONNREFUSED]: 
      at internalConnectMultiple (node:net:1135:18)
      at afterConnectMultiple (node:net:1716:7)
      at TCPConnectWrap.callbackTrampoline (node:internal/async_hooks:130:17) {
    code: 'ECONNREFUSED',
    [errors]: [ [Error], [Error] ]
  }
}
[opensky] DOMException [AbortError]: This operation was aborted
    at node:internal/deps/undici/undici:15157:13
    at async fetchText (file:///workspace/.vercel/output/functions/__server.func/_ssr/live-DL4DXbFJ.mjs:351:15)
    at async pullOpenSky (file:///workspace/.vercel/output/functions/__server.func/_ssr/live-DL4DXbFJ.mjs:524:16)
    at async pullFlights (file:///workspace/.vercel/output/functions/__server.func/_ssr/live-DL4DXbFJ.mjs:624:15)
    at async Promise.all (index 0)
    at async file:///workspace/.vercel/output/functions/__server.func/_ssr/live-DL4DXbFJ.mjs:731:30
    at async server (file:///workspace/.vercel/output/functions/__server.func/_ssr/ssr.mjs:383:20)
    at async callNextMiddleware (file:///workspace/.vercel/output/functions/__server.func/_ssr/ssr.mjs:311:20)
    at async AsyncFunction.__executeServer (file:///workspace/.vercel/output/functions/__server.func/_ssr/ssr.mjs:255:13)
    at async file:///workspace/.vercel/output/functions/__server.func/_ssr/ssr.mjs:676:13

> preview
> node scripts/with-app-env.mjs vite preview


 ╭────────── [Build Info] ─────────────╮
 │                                     │
 │  - Build Directory: .vercel/output  │
 │  - Date: 9/24/2026, 11:53:57 AM     │
 │  - Nitro Version: 3.0.260610-beta   │
 │  - Nitro Preset: vercel             │
 │                                     │
 ╰─────────────────────────────────────╯

  ➜  Local:   http://127.0.0.1:8081/

> preview
> node scripts/with-app-env.mjs vite preview


 ╭────────── [Build Info] ─────────────╮
 │                                     │
 │  - Build Directory: .vercel/output  │
 │  - Date: 9/24/2026, 11:56:07 AM     │
 │  - Nitro Version: 3.0.260610-beta   │
 │  - Nitro Preset: vercel             │
 │                                     │
 ╰─────────────────────────────────────╯

  ➜  Local:   http://127.0.0.1:8081/
